,team_name,date,points
0,Golden State Warriors,2018-10-16,108
1,Oklahoma City Thunder,2018-10-16,100
2,Philadelphia 76ers,2018-10-16,87
3,Boston Celtics,2018-10-16,105
4,Minnesota Timberwolves,2018-10-17,108
5,San Antonio Spurs,2018-10-17,112
6,Atlanta Hawks,2018-10-17,107
7,New York Knicks,2018-10-17,126
8,Phoenix Suns,2018-10-17,121
9,Dallas Mavericks,2018-10-17,100
10,New Orleans Pelicans,2018-10-17,131
11,Houston Rockets,2018-10-17,112
12,Miami Heat,2018-10-17,101
13,Orlando Magic,2018-10-17,104
14,Denver Nuggets,2018-10-17,107
15,LA Clippers,2018-10-17,98
16,Brooklyn Nets,2018-10-17,100
17,Detroit Pistons,2018-10-17,103
18,Indiana Pacers,2018-10-17,111
19,Memphis Grizzlies,2018-10-17,83
20,Sacramento Kings,2018-10-17,117
21,Utah Jazz,2018-10-17,123
22,Milwaukee Bucks,2018-10-17,113
23,Charlotte Hornets,2018-10-17,112
24,Toronto Raptors,2018-10-17,116
25,Cleveland Cavaliers,2018-10-17,104
26,Philadelphia 76ers,2018-10-18,127
27,Chicago Bulls,2018-10-18,108
28,Portland Trail Blazers,2018-10-18,128
29,Los Angeles Lakers,2018-10-18,119
30,Washington Wizards,2018-10-18,112
31,Miami Heat,2018-10-18,113
32,New York Knicks,2018-10-19,105
33,Brooklyn Nets,2018-10-19,107
34,Charlotte Hornets,2018-10-19,120
35,Orlando Magic,2018-10-19,88
36,LA Clippers,2018-10-19,108
37,Oklahoma City Thunder,2018-10-19,92
38,Utah Jazz,2018-10-19,123
39,Golden State Warriors,2018-10-19,124
40,Indiana Pacers,2018-10-19,101
41,Milwaukee Bucks,2018-10-19,118
42,Minnesota Timberwolves,2018-10-19,131
43,Cleveland Cavaliers,2018-10-19,123
44,Boston Celtics,2018-10-19,101
45,Toronto Raptors,2018-10-19,113
46,Atlanta Hawks,2018-10-19,117
47,Memphis Grizzlies,2018-10-19,131
48,Sacramento Kings,2018-10-19,129
49,New Orleans Pelicans,2018-10-19,149
50,Orlando Magic,2018-10-20,115
51,Philadelphia 76ers,2018-10-20,116
52,Houston Rockets,2018-10-20,124
53,Los Angeles Lakers,2018-10-20,115
54,Chicago Bulls,2018-10-20,116
55,Detroit Pistons,2018-10-20,118
56,Boston Celtics,2018-10-20,103
57,New York Knicks,2018-10-20,101
58,Miami Heat,2018-10-20,112
59,Charlotte Hornets,2018-10-20,113
60,San Antonio Spurs,2018-10-20,108
61,Portland Trail Blazers,2018-10-20,121
62,Brooklyn Nets,2018-10-20,112
63,Indiana Pacers,2018-10-20,132
64,Dallas Mavericks,2018-10-20,140
65,Minnesota Timberwolves,2018-10-20,136
66,Denver Nuggets,2018-10-20,119
67,Phoenix Suns,2018-10-20,91
68,Toronto Raptors,2018-10-20,117
69,Washington Wizards,2018-10-20,113
70,Atlanta Hawks,2018-10-21,133
71,Cleveland Cavaliers,2018-10-21,111
72,Houston Rockets,2018-10-21,112
73,LA Clippers,2018-10-21,115
74,Golden State Warriors,2018-10-21,98
75,Denver Nuggets,2018-10-21,100
76,Oklahoma City Thunder,2018-10-21,120
77,Sacramento Kings,2018-10-21,131
78,Phoenix Suns,2018-10-22,103
79,Golden State Warriors,2018-10-22,123
80,San Antonio Spurs,2018-10-22,143
81,Los Angeles Lakers,2018-10-22,142
82,Orlando Magic,2018-10-22,93
83,Boston Celtics,2018-10-22,90
84,Washington Wizards,2018-10-22,125
85,Portland Trail Blazers,2018-10-22,124
86,Memphis Grizzlies,2018-10-22,92
87,Utah Jazz,2018-10-22,84
88,New York Knicks,2018-10-22,113
89,Milwaukee Bucks,2018-10-22,124
90,Chicago Bulls,2018-10-22,109
91,Dallas Mavericks,2018-10-22,115
92,Minnesota Timberwolves,2018-10-22,101
93,Indiana Pacers,2018-10-22,91
94,Toronto Raptors,2018-10-22,127
95,Charlotte Hornets,2018-10-22,106
96,Philadelphia 76ers,2018-10-23,132
97,Detroit Pistons,2018-10-23,133
98,Sacramento Kings,2018-10-23,112
99,Denver Nuggets,2018-10-23,126
100,New Orleans Pelicans,2018-10-23,116
101,LA Clippers,2018-10-23,109
102,Golden State Warriors,2018-10-24,144
103,Washington Wizards,2018-10-24,122
104,San Antonio Spurs,2018-10-24,96
105,Indiana Pacers,2018-10-24,116
106,Charlotte Hornets,2018-10-24,110
107,Chicago Bulls,2018-10-24,112
108,Phoenix Suns,2018-10-24,113
109,Los Angeles Lakers,2018-10-24,131
110,Cleveland Cavaliers,2018-10-24,86
111,Brooklyn Nets,2018-10-24,102
112,Houston Rockets,2018-10-24,89
113,Utah Jazz,2018-10-24,100
114,New York Knicks,2018-10-24,87
115,Miami Heat,2018-10-24,110
116,Atlanta Hawks,2018-10-24,111
117,Dallas Mavericks,2018-10-24,104
118,Milwaukee Bucks,2018-10-24,123
119,Philadelphia 76ers,2018-10-24,108
120,Memphis Grizzlies,2018-10-24,92
121,Sacramento Kings,2018-10-24,97
122,Minnesota Timberwolves,2018-10-24,105
123,Toronto Raptors,2018-10-24,112
124,Los Angeles Lakers,2018-10-25,121
125,Denver Nuggets,2018-10-25,114
126,Portland Trail Blazers,2018-10-25,128
127,Orlando Magic,2018-10-25,114
128,Detroit Pistons,2018-10-25,110
129,Cleveland Cavaliers,2018-10-25,103
130,Oklahoma City Thunder,2018-10-25,95
131,Boston Celtics,2018-10-25,101
132,Golden State Warriors,2018-10-26,128
133,New York Knicks,2018-10-26,100
134,Houston Rockets,2018-10-26,113
135,LA Clippers,2018-10-26,133
136,Sacramento Kings,2018-10-26,116
137,Washington Wizards,2018-10-26,112
138,Minnesota Timberwolves,2018-10-26,95
139,Milwaukee Bucks,2018-10-26,125
140,Chicago Bulls,2018-10-26,106
141,Charlotte Hornets,2018-10-26,135
142,Dallas Mavericks,2018-10-26,107
143,Toronto Raptors,2018-10-26,116
144,Brooklyn Nets,2018-10-26,115
145,New Orleans Pelicans,2018-10-26,117
146,Charlotte Hornets,2018-10-27,103
147,Philadelphia 76ers,2018-10-27,105
148,San Antonio Spurs,2018-10-27,110
149,Los Angeles Lakers,2018-10-27,106
150,Cleveland Cavaliers,2018-10-27,107
151,Indiana Pacers,2018-10-27,119
152,Boston Celtics,2018-10-27,109
153,Detroit Pistons,2018-10-27,89
154,Miami Heat,2018-10-27,120
155,Portland Trail Blazers,2018-10-27,111
156,Atlanta Hawks,2018-10-27,85
157,Chicago Bulls,2018-10-27,97
158,Orlando Magic,2018-10-27,91
159,Milwaukee Bucks,2018-10-27,113
160,Memphis Grizzlies,2018-10-27,117
161,Phoenix Suns,2018-10-27,96
162,Utah Jazz,2018-10-27,132
163,New Orleans Pelicans,2018-10-27,111
164,Golden State Warriors,2018-10-28,120
165,Brooklyn Nets,2018-10-28,114
166,LA Clippers,2018-10-28,136
167,Washington Wizards,2018-10-28,104
168,Utah Jazz,2018-10-28,113
169,Dallas Mavericks,2018-10-28,104
170,Oklahoma City Thunder,2018-10-28,117
171,Phoenix Suns,2018-10-28,110
172,Philadelphia 76ers,2018-10-29,113
173,Atlanta Hawks,2018-10-29,92
174,San Antonio Spurs,2018-10-29,113
175,Dallas Mavericks,2018-10-29,108
176,Golden State Warriors,2018-10-29,149
177,Chicago Bulls,2018-10-29,124
178,New York Knicks,2018-10-29,115
179,Brooklyn Nets,2018-10-29,96
180,Miami Heat,2018-10-29,113
181,Sacramento Kings,2018-10-29,123
182,Indiana Pacers,2018-10-29,93
183,Portland Trail Blazers,2018-10-29,103
184,Toronto Raptors,2018-10-29,109
185,Milwaukee Bucks,2018-10-29,124
186,New Orleans Pelicans,2018-10-29,111
187,Denver Nuggets,2018-10-29,116
188,Los Angeles Lakers,2018-10-29,120
189,Minnesota Timberwolves,2018-10-29,124
190,Detroit Pistons,2018-10-30,105
191,Boston Celtics,2018-10-30,108
192,Atlanta Hawks,2018-10-30,114
193,Cleveland Cavaliers,2018-10-30,136
194,Houston Rockets,2018-10-30,85
195,Portland Trail Blazers,2018-10-30,104
196,Orlando Magic,2018-10-30,99
197,Sacramento Kings,2018-10-30,107
198,Miami Heat,2018-10-30,113
199,Charlotte Hornets,2018-10-30,125
200,Philadelphia 76ers,2018-10-30,112
201,Toronto Raptors,2018-10-30,129
202,Washington Wizards,2018-10-30,95
203,Memphis Grizzlies,2018-10-30,107
204,Oklahoma City Thunder,2018-10-30,128
205,LA Clippers,2018-10-30,110
206,New Orleans Pelicans,2018-10-31,121
207,Golden State Warriors,2018-10-31,131
208,Los Angeles Lakers,2018-10-31,114
209,Dallas Mavericks,2018-10-31,113
210,Denver Nuggets,2018-10-31,108
211,Chicago Bulls,2018-10-31,107
212,New York Knicks,2018-10-31,101
213,Indiana Pacers,2018-10-31,107
214,San Antonio Spurs,2018-10-31,120
215,Phoenix Suns,2018-10-31,90
216,Detroit Pistons,2018-10-31,119
217,Brooklyn Nets,2018-10-31,120
218,Utah Jazz,2018-10-31,125
219,Minnesota Timberwolves,2018-10-31,128
220,LA Clippers,2018-11-01,113
221,Philadelphia 76ers,2018-11-01,122
222,Boston Celtics,2018-11-01,117
223,Milwaukee Bucks,2018-11-01,113
224,Denver Nuggets,2018-11-01,110
225,Cleveland Cavaliers,2018-11-01,91
226,New Orleans Pelicans,2018-11-01,119
227,Portland Trail Blazers,2018-11-01,132
228,Atlanta Hawks,2018-11-01,115
229,Sacramento Kings,2018-11-01,146
230,Charlotte Hornets,2018-11-01,107
231,Oklahoma City Thunder,2018-11-01,111
232,Golden State Warriors,2018-11-02,116
233,Minnesota Timberwolves,2018-11-02,99
234,Indiana Pacers,2018-11-02,107
235,Chicago Bulls,2018-11-02,105
236,Phoenix Suns,2018-11-02,98
237,Toronto Raptors,2018-11-02,107
238,Brooklyn Nets,2018-11-02,111
239,Houston Rockets,2018-11-02,119
240,Orlando Magic,2018-11-02,95
241,LA Clippers,2018-11-02,120
242,Utah Jazz,2018-11-02,100
243,Memphis Grizzlies,2018-11-02,110
244,Dallas Mavericks,2018-11-02,106
245,New York Knicks,2018-11-02,118
246,Washington Wizards,2018-11-02,111
247,Oklahoma City Thunder,2018-11-02,134
248,Detroit Pistons,2018-11-03,99
249,Philadelphia 76ers,2018-11-03,109
250,New Orleans Pelicans,2018-11-03,95
251,San Antonio Spurs,2018-11-03,109
252,Houston Rockets,2018-11-03,96
253,Chicago Bulls,2018-11-03,88
254,Los Angeles Lakers,2018-11-03,114
255,Portland Trail Blazers,2018-11-03,110
256,Indiana Pacers,2018-11-03,102
257,Boston Celtics,2018-11-03,101
258,Miami Heat,2018-11-03,118
259,Atlanta Hawks,2018-11-03,123
260,Utah Jazz,2018-11-03,88
261,Denver Nuggets,2018-11-03,103
262,Cleveland Cavaliers,2018-11-03,94
263,Charlotte Hornets,2018-11-03,126
264,San Antonio Spurs,2018-11-04,110
265,Orlando Magic,2018-11-04,117
266,Toronto Raptors,2018-11-04,121
267,Los Angeles Lakers,2018-11-04,107
268,Memphis Grizzlies,2018-11-04,100
269,Phoenix Suns,2018-11-04,102
270,Philadelphia 76ers,2018-11-04,97
271,Brooklyn Nets,2018-11-04,122
272,Portland Trail Blazers,2018-11-04,111
273,Minnesota Timberwolves,2018-11-04,81
274,Milwaukee Bucks,2018-11-04,144
275,Sacramento Kings,2018-11-04,109
276,Washington Wizards,2018-11-04,108
277,New York Knicks,2018-11-04,95
278,Memphis Grizzlies,2018-11-05,101
279,Golden State Warriors,2018-11-05,117
280,Chicago Bulls,2018-11-05,116
281,New York Knicks,2018-11-05,115
282,Orlando Magic,2018-11-05,102
283,Cleveland Cavaliers,2018-11-05,100
284,Minnesota Timberwolves,2018-11-05,109
285,LA Clippers,2018-11-05,120
286,Detroit Pistons,2018-11-05,115
287,Miami Heat,2018-11-05,120
288,Indiana Pacers,2018-11-05,94
289,Houston Rockets,2018-11-05,98
290,Toronto Raptors,2018-11-05,124
291,Utah Jazz,2018-11-05,111
292,Denver Nuggets,2018-11-05,115
293,Boston Celtics,2018-11-05,107
294,New Orleans Pelicans,2018-11-05,116
295,Oklahoma City Thunder,2018-11-05,122
296,Phoenix Suns,2018-11-06,82
297,Brooklyn Nets,2018-11-06,104
298,Milwaukee Bucks,2018-11-06,103
299,Portland Trail Blazers,2018-11-06,118
300,Washington Wizards,2018-11-06,100
301,Dallas Mavericks,2018-11-06,119
302,Atlanta Hawks,2018-11-06,102
303,Charlotte Hornets,2018-11-06,113
304,Minnesota Timberwolves,2018-11-07,110
305,Los Angeles Lakers,2018-11-07,114
306,Oklahoma City Thunder,2018-11-07,95
307,Cleveland Cavaliers,2018-11-07,86
308,Detroit Pistons,2018-11-07,103
309,Orlando Magic,2018-11-07,96
310,San Antonio Spurs,2018-11-07,88
311,Miami Heat,2018-11-07,95
312,Indiana Pacers,2018-11-07,94
313,Philadelphia 76ers,2018-11-07,100
314,New York Knicks,2018-11-07,112
315,Atlanta Hawks,2018-11-07,107
316,Dallas Mavericks,2018-11-07,102
317,Utah Jazz,2018-11-07,117
318,Toronto Raptors,2018-11-07,114
319,Sacramento Kings,2018-11-07,105
320,Denver Nuggets,2018-11-07,87
321,Memphis Grizzlies,2018-11-07,89
322,New Orleans Pelicans,2018-11-07,107
323,Chicago Bulls,2018-11-07,98
324,Golden State Warriors,2018-11-08,111
325,Milwaukee Bucks,2018-11-08,134
326,Phoenix Suns,2018-11-08,109
327,Boston Celtics,2018-11-08,116
328,LA Clippers,2018-11-08,105
329,Portland Trail Blazers,2018-11-08,116
330,Houston Rockets,2018-11-08,80
331,Oklahoma City Thunder,2018-11-08,98
332,Philadelphia 76ers,2018-11-09,133
333,Charlotte Hornets,2018-11-09,132
334,Washington Wizards,2018-11-09,108
335,Orlando Magic,2018-11-09,117
336,Miami Heat,2018-11-09,102
337,Indiana Pacers,2018-11-09,110
338,Atlanta Hawks,2018-11-09,109
339,Detroit Pistons,2018-11-09,124
340,Boston Celtics,2018-11-09,115
341,Utah Jazz,2018-11-09,123
342,Minnesota Timberwolves,2018-11-09,110
343,Sacramento Kings,2018-11-09,121
344,Brooklyn Nets,2018-11-09,112
345,Denver Nuggets,2018-11-09,110
346,Brooklyn Nets,2018-11-10,100
347,Golden State Warriors,2018-11-10,116
348,San Antonio Spurs,2018-11-10,96
349,Houston Rockets,2018-11-10,89
350,Cleveland Cavaliers,2018-11-10,98
351,Chicago Bulls,2018-11-10,99
352,Milwaukee Bucks,2018-11-10,126
353,LA Clippers,2018-11-10,128
354,Washington Wizards,2018-11-10,116
355,Miami Heat,2018-11-10,110
356,Dallas Mavericks,2018-11-10,111
357,Oklahoma City Thunder,2018-11-10,96
358,Sacramento Kings,2018-11-10,86
359,Los Angeles Lakers,2018-11-10,101
360,New York Knicks,2018-11-10,112
361,Toronto Raptors,2018-11-10,128
362,Philadelphia 76ers,2018-11-10,106
363,Memphis Grizzlies,2018-11-10,112
364,Phoenix Suns,2018-11-10,99
365,New Orleans Pelicans,2018-11-10,119
366,Los Angeles Lakers,2018-11-11,107
367,Atlanta Hawks,2018-11-11,106
368,New York Knicks,2018-11-11,89
369,Orlando Magic,2018-11-11,115
370,Houston Rockets,2018-11-11,115
371,Indiana Pacers,2018-11-11,103
372,Charlotte Hornets,2018-11-11,113
373,Detroit Pistons,2018-11-11,103
374,Portland Trail Blazers,2018-11-11,100
375,Boston Celtics,2018-11-11,94
376,Denver Nuggets,2018-11-11,114
377,Milwaukee Bucks,2018-11-11,121
378,Chicago Bulls,2018-11-12,98
379,Dallas Mavericks,2018-11-12,103
380,LA Clippers,2018-11-12,121
381,Golden State Warriors,2018-11-12,116
382,Miami Heat,2018-11-12,114
383,Philadelphia 76ers,2018-11-12,124
384,Sacramento Kings,2018-11-12,104
385,San Antonio Spurs,2018-11-12,99
386,Brooklyn Nets,2018-11-12,113
387,Minnesota Timberwolves,2018-11-12,120
388,Orlando Magic,2018-11-12,109
389,Washington Wizards,2018-11-12,117
390,New Orleans Pelicans,2018-11-12,126
391,Toronto Raptors,2018-11-12,110
392,Utah Jazz,2018-11-12,96
393,Memphis Grizzlies,2018-11-12,88
394,Oklahoma City Thunder,2018-11-12,118
395,Phoenix Suns,2018-11-12,101
396,Atlanta Hawks,2018-11-13,103
397,Golden State Warriors,2018-11-13,110
398,Cleveland Cavaliers,2018-11-13,113
399,Charlotte Hornets,2018-11-13,89
400,Houston Rockets,2018-11-13,109
401,Denver Nuggets,2018-11-13,99
402,Portland Trail Blazers,2018-11-14,117
403,Los Angeles Lakers,2018-11-14,126
404,San Antonio Spurs,2018-11-14,96
405,Phoenix Suns,2018-11-14,116
406,Boston Celtics,2018-11-14,111
407,Chicago Bulls,2018-11-14,82
408,Brooklyn Nets,2018-11-14,107
409,Miami Heat,2018-11-14,120
410,Orlando Magic,2018-11-14,111
411,Philadelphia 76ers,2018-11-14,106
412,Dallas Mavericks,2018-11-14,118
413,Utah Jazz,2018-11-14,68
414,Milwaukee Bucks,2018-11-14,113
415,Memphis Grizzlies,2018-11-14,116
416,New Orleans Pelicans,2018-11-14,100
417,Minnesota Timberwolves,2018-11-14,107
418,Cleveland Cavaliers,2018-11-14,95
419,Washington Wizards,2018-11-14,119
420,Detroit Pistons,2018-11-14,106
421,Toronto Raptors,2018-11-14,104
422,New York Knicks,2018-11-14,103
423,Oklahoma City Thunder,2018-11-14,128
424,Golden State Warriors,2018-11-15,86
425,Houston Rockets,2018-11-15,107
426,LA Clippers,2018-11-15,116
427,San Antonio Spurs,2018-11-15,111
428,Atlanta Hawks,2018-11-15,93
429,Denver Nuggets,2018-11-15,138
430,Philadelphia 76ers,2018-11-16,113
431,Utah Jazz,2018-11-16,107
432,Toronto Raptors,2018-11-16,116
433,Boston Celtics,2018-11-16,123
434,Indiana Pacers,2018-11-16,99
435,Miami Heat,2018-11-16,91
436,Chicago Bulls,2018-11-16,104
437,Milwaukee Bucks,2018-11-16,123
438,Minnesota Timberwolves,2018-11-16,112
439,Portland Trail Blazers,2018-11-16,96
440,Washington Wizards,2018-11-16,104
441,Brooklyn Nets,2018-11-16,115
442,Sacramento Kings,2018-11-16,104
443,Memphis Grizzlies,2018-11-16,112
444,New Orleans Pelicans,2018-11-16,129
445,New York Knicks,2018-11-16,124
446,Chicago Bulls,2018-11-17,83
447,Toronto Raptors,2018-11-17,122
448,Oklahoma City Thunder,2018-11-17,110
449,Phoenix Suns,2018-11-17,100
450,Utah Jazz,2018-11-17,98
451,Boston Celtics,2018-11-17,86
452,LA Clippers,2018-11-17,127
453,Brooklyn Nets,2018-11-17,119
454,Houston Rockets,2018-11-17,132
455,Sacramento Kings,2018-11-17,112
456,Los Angeles Lakers,2018-11-17,117
457,Orlando Magic,2018-11-17,130
458,Indiana Pacers,2018-11-17,97
459,Atlanta Hawks,2018-11-17,89
460,Golden State Warriors,2018-11-17,109
461,Dallas Mavericks,2018-11-17,112
462,Charlotte Hornets,2018-11-17,119
463,Philadelphia 76ers,2018-11-17,122
464,New Orleans Pelicans,2018-11-17,125
465,Denver Nuggets,2018-11-17,115
466,Golden State Warriors,2018-11-18,92
467,San Antonio Spurs,2018-11-18,104
468,Orlando Magic,2018-11-18,131
469,New York Knicks,2018-11-18,117
470,Los Angeles Lakers,2018-11-18,113
471,Miami Heat,2018-11-18,97
472,Memphis Grizzlies,2018-11-18,100
473,Minnesota Timberwolves,2018-11-18,87
474,Washington Wizards,2018-11-18,109
475,Portland Trail Blazers,2018-11-18,119
476,Philadelphia 76ers,2018-11-19,119
477,Phoenix Suns,2018-11-19,114
478,Detroit Pistons,2018-11-19,113
479,Cleveland Cavaliers,2018-11-19,102
480,Indiana Pacers,2018-11-19,121
481,Utah Jazz,2018-11-19,94
482,Atlanta Hawks,2018-11-19,119
483,LA Clippers,2018-11-19,127
484,Milwaukee Bucks,2018-11-19,104
485,Denver Nuggets,2018-11-19,98
486,Oklahoma City Thunder,2018-11-19,113
487,Sacramento Kings,2018-11-19,117
488,Charlotte Hornets,2018-11-19,117
489,Boston Celtics,2018-11-19,112
490,Memphis Grizzlies,2018-11-19,98
491,Dallas Mavericks,2018-11-19,88
492,New Orleans Pelicans,2018-11-19,140
493,San Antonio Spurs,2018-11-19,126
494,New York Knicks,2018-11-20,114
495,Portland Trail Blazers,2018-11-20,118
496,Toronto Raptors,2018-11-20,93
497,Orlando Magic,2018-11-20,91
498,Miami Heat,2018-11-20,92
499,Brooklyn Nets,2018-11-20,104
500,Washington Wizards,2018-11-20,125
501,LA Clippers,2018-11-20,118
502,Philadelphia 76ers,2018-11-21,121
503,New Orleans Pelicans,2018-11-21,120
504,Golden State Warriors,2018-11-21,95
505,Oklahoma City Thunder,2018-11-21,123
506,Memphis Grizzlies,2018-11-21,104
507,San Antonio Spurs,2018-11-21,103
508,Phoenix Suns,2018-11-21,116
509,Chicago Bulls,2018-11-21,124
510,New York Knicks,2018-11-21,117
511,Boston Celtics,2018-11-21,109
512,Los Angeles Lakers,2018-11-21,109
513,Cleveland Cavaliers,2018-11-21,105
514,Detroit Pistons,2018-11-21,124
515,Houston Rockets,2018-11-21,126
516,Atlanta Hawks,2018-11-21,108
517,Toronto Raptors,2018-11-21,124
518,Utah Jazz,2018-11-21,110
519,Sacramento Kings,2018-11-21,119
520,Brooklyn Nets,2018-11-21,113
521,Dallas Mavericks,2018-11-21,119
522,Milwaukee Bucks,2018-11-21,143
523,Portland Trail Blazers,2018-11-21,100
524,Minnesota Timberwolves,2018-11-21,101
525,Denver Nuggets,2018-11-21,103
526,Charlotte Hornets,2018-11-21,127
527,Indiana Pacers,2018-11-21,109
528,Cleveland Cavaliers,2018-11-23,121
529,Philadelphia 76ers,2018-11-23,112
530,Portland Trail Blazers,2018-11-23,97
531,Golden State Warriors,2018-11-23,125
532,Los Angeles Lakers,2018-11-23,90
533,Utah Jazz,2018-11-23,83
534,Miami Heat,2018-11-23,103
535,Chicago Bulls,2018-11-23,96
536,New Orleans Pelicans,2018-11-23,109
537,New York Knicks,2018-11-23,114
538,Minnesota Timberwolves,2018-11-23,112
539,Brooklyn Nets,2018-11-23,102
540,Memphis Grizzlies,2018-11-23,107
541,LA Clippers,2018-11-23,112
542,Detroit Pistons,2018-11-23,116
543,Houston Rockets,2018-11-23,111
544,Indiana Pacers,2018-11-23,100
545,San Antonio Spurs,2018-11-23,111
546,Boston Celtics,2018-11-23,114
547,Atlanta Hawks,2018-11-23,96
548,Milwaukee Bucks,2018-11-23,114
549,Phoenix Suns,2018-11-23,116
550,Denver Nuggets,2018-11-23,112
551,Orlando Magic,2018-11-23,87
552,Toronto Raptors,2018-11-23,125
553,Washington Wizards,2018-11-23,107
554,Oklahoma City Thunder,2018-11-23,109
555,Charlotte Hornets,2018-11-23,104
556,Sacramento Kings,2018-11-24,116
557,Golden State Warriors,2018-11-24,117
558,Cleveland Cavaliers,2018-11-24,117
559,Houston Rockets,2018-11-24,108
560,Boston Celtics,2018-11-24,104
561,Dallas Mavericks,2018-11-24,113
562,San Antonio Spurs,2018-11-24,129
563,Milwaukee Bucks,2018-11-24,135
564,Chicago Bulls,2018-11-24,96
565,Minnesota Timberwolves,2018-11-24,111
566,Washington Wizards,2018-11-24,124
567,New Orleans Pelicans,2018-11-24,114
568,Oklahoma City Thunder,2018-11-24,98
569,Denver Nuggets,2018-11-24,105
570,Los Angeles Lakers,2018-11-25,104
571,Orlando Magic,2018-11-25,108
572,Philadelphia 76ers,2018-11-25,127
573,Brooklyn Nets,2018-11-25,125
574,Phoenix Suns,2018-11-25,107
575,Detroit Pistons,2018-11-25,118
576,Portland Trail Blazers,2018-11-25,100
577,LA Clippers,2018-11-25,104
578,Atlanta Hawks,2018-11-25,124
579,Charlotte Hornets,2018-11-25,123
580,Sacramento Kings,2018-11-25,112
581,Utah Jazz,2018-11-25,133
582,Miami Heat,2018-11-25,115
583,Toronto Raptors,2018-11-25,125
584,New York Knicks,2018-11-25,103
585,Memphis Grizzlies,2018-11-25,98
586,Golden State Warriors,2018-11-26,116
587,Orlando Magic,2018-11-26,110
588,Chicago Bulls,2018-11-26,107
589,San Antonio Spurs,2018-11-26,108
590,Cleveland Cavaliers,2018-11-26,95
591,Minnesota Timberwolves,2018-11-26,102
592,Utah Jazz,2018-11-26,88
593,Indiana Pacers,2018-11-26,121
594,Milwaukee Bucks,2018-11-26,107
595,Charlotte Hornets,2018-11-26,110
596,Washington Wizards,2018-11-26,135
597,Houston Rockets,2018-11-26,131
598,New Orleans Pelicans,2018-11-26,107
599,Boston Celtics,2018-11-26,124
600,Phoenix Suns,2018-11-27,104
601,Indiana Pacers,2018-11-27,109
602,New York Knicks,2018-11-27,108
603,Detroit Pistons,2018-11-27,115
604,Atlanta Hawks,2018-11-27,115
605,Miami Heat,2018-11-27,113
606,Los Angeles Lakers,2018-11-27,85
607,Denver Nuggets,2018-11-27,117
608,Toronto Raptors,2018-11-27,122
609,Memphis Grizzlies,2018-11-27,114
610,Philadelphia 76ers,2018-11-28,117
611,New York Knicks,2018-11-28,91
612,Utah Jazz,2018-11-28,101
613,Brooklyn Nets,2018-11-28,91
614,Houston Rockets,2018-11-28,108
615,Dallas Mavericks,2018-11-28,128
616,LA Clippers,2018-11-28,115
617,Phoenix Suns,2018-11-28,99
618,Orlando Magic,2018-11-28,112
619,Portland Trail Blazers,2018-11-28,115
620,Milwaukee Bucks,2018-11-28,116
621,Chicago Bulls,2018-11-28,113
622,San Antonio Spurs,2018-11-28,89
623,Minnesota Timberwolves,2018-11-28,128
624,Atlanta Hawks,2018-11-28,94
625,Charlotte Hornets,2018-11-28,108
626,Oklahoma City Thunder,2018-11-28,100
627,Cleveland Cavaliers,2018-11-28,83
628,New Orleans Pelicans,2018-11-28,125
629,Washington Wizards,2018-11-28,104
630,Los Angeles Lakers,2018-11-29,104
631,Indiana Pacers,2018-11-29,96
632,Sacramento Kings,2018-11-29,121
633,LA Clippers,2018-11-29,133
634,Golden State Warriors,2018-11-29,128
635,Toronto Raptors,2018-11-29,131
636,Washington Wizards,2018-11-30,98
637,Philadelphia 76ers,2018-11-30,123
638,San Antonio Spurs,2018-11-30,105
639,Houston Rockets,2018-11-30,136
640,Dallas Mavericks,2018-11-30,103
641,Los Angeles Lakers,2018-11-30,114
642,Phoenix Suns,2018-11-30,85
643,Orlando Magic,2018-11-30,99
644,Boston Celtics,2018-11-30,128
645,Cleveland Cavaliers,2018-11-30,95
646,Brooklyn Nets,2018-11-30,125
647,Memphis Grizzlies,2018-11-30,131
648,Miami Heat,2018-11-30,106
649,New Orleans Pelicans,2018-11-30,101
650,Chicago Bulls,2018-11-30,88
651,Detroit Pistons,2018-11-30,107
652,Denver Nuggets,2018-11-30,113
653,Portland Trail Blazers,2018-11-30,112
654,Utah Jazz,2018-11-30,119
655,Charlotte Hornets,2018-11-30,111
656,Atlanta Hawks,2018-11-30,109
657,Oklahoma City Thunder,2018-11-30,124
658,New York Knicks,2018-12-01,136
659,Milwaukee Bucks,2018-12-01,134
660,Toronto Raptors,2018-12-01,106
661,Cleveland Cavaliers,2018-12-01,95
662,Chicago Bulls,2018-12-01,105
663,Houston Rockets,2018-12-01,121
664,Golden State Warriors,2018-12-01,102
665,Detroit Pistons,2018-12-01,111
666,Sacramento Kings,2018-12-01,111
667,Indiana Pacers,2018-12-01,110
668,Boston Celtics,2018-12-01,118
669,Minnesota Timberwolves,2018-12-01,109
670,Brooklyn Nets,2018-12-01,88
671,Washington Wizards,2018-12-01,102
672,Philadelphia 76ers,2018-12-02,103
673,Memphis Grizzlies,2018-12-02,95
674,Portland Trail Blazers,2018-12-02,118
675,San Antonio Spurs,2018-12-02,131
676,Phoenix Suns,2018-12-02,96
677,Los Angeles Lakers,2018-12-02,120
678,Miami Heat,2018-12-02,102
679,Utah Jazz,2018-12-02,100
680,Dallas Mavericks,2018-12-02,114
681,LA Clippers,2018-12-02,110
682,Charlotte Hornets,2018-12-02,109
683,New Orleans Pelicans,2018-12-02,119
684,New York Knicks,2018-12-03,107
685,Washington Wizards,2018-12-03,110
686,Cleveland Cavaliers,2018-12-03,99
687,Brooklyn Nets,2018-12-03,97
688,Oklahoma City Thunder,2018-12-03,110
689,Detroit Pistons,2018-12-03,83
690,Atlanta Hawks,2018-12-03,111
691,Golden State Warriors,2018-12-03,128
692,Houston Rockets,2018-12-03,91
693,Minnesota Timberwolves,2018-12-03,103
694,Denver Nuggets,2018-12-03,106
695,Toronto Raptors,2018-12-03,103
696,New Orleans Pelicans,2018-12-03,126
697,LA Clippers,2018-12-03,129
698,Phoenix Suns,2018-12-04,105
699,Sacramento Kings,2018-12-04,122
700,Miami Heat,2018-12-04,90
701,Orlando Magic,2018-12-04,105
702,Indiana Pacers,2018-12-04,96
703,Chicago Bulls,2018-12-04,90
704,Utah Jazz,2018-12-04,139
705,San Antonio Spurs,2018-12-04,105
706,Dallas Mavericks,2018-12-04,111
707,Portland Trail Blazers,2018-12-04,102
708,Los Angeles Lakers,2018-12-05,121
709,San Antonio Spurs,2018-12-05,113
710,Brooklyn Nets,2018-12-05,112
711,Oklahoma City Thunder,2018-12-05,114
712,Cleveland Cavaliers,2018-12-05,105
713,Golden State Warriors,2018-12-05,129
714,Denver Nuggets,2018-12-05,124
715,Orlando Magic,2018-12-05,118
716,Washington Wizards,2018-12-05,131
717,Atlanta Hawks,2018-12-05,117
718,Milwaukee Bucks,2018-12-05,115
719,Detroit Pistons,2018-12-05,92
720,Charlotte Hornets,2018-12-05,104
721,Minnesota Timberwolves,2018-12-05,121
722,Memphis Grizzlies,2018-12-05,96
723,LA Clippers,2018-12-05,86
724,Philadelphia 76ers,2018-12-05,102
725,Toronto Raptors,2018-12-05,113
726,Dallas Mavericks,2018-12-05,106
727,New Orleans Pelicans,2018-12-05,132
728,New York Knicks,2018-12-06,100
729,Boston Celtics,2018-12-06,128
730,Portland Trail Blazers,2018-12-06,108
731,Phoenix Suns,2018-12-06,86
732,Houston Rockets,2018-12-06,91
733,Utah Jazz,2018-12-06,118
734,Los Angeles Lakers,2018-12-07,120
735,San Antonio Spurs,2018-12-07,133
736,Chicago Bulls,2018-12-07,114
737,Oklahoma City Thunder,2018-12-07,112
738,Phoenix Suns,2018-12-07,98
739,Miami Heat,2018-12-07,115
740,Toronto Raptors,2018-12-07,105
741,Brooklyn Nets,2018-12-07,106
742,Cleveland Cavaliers,2018-12-07,110
743,Sacramento Kings,2018-12-07,129
744,Indiana Pacers,2018-12-07,112
745,Orlando Magic,2018-12-07,90
746,Philadelphia 76ers,2018-12-07,117
747,Detroit Pistons,2018-12-07,111
748,Milwaukee Bucks,2018-12-07,95
749,Golden State Warriors,2018-12-07,105
750,Charlotte Hornets,2018-12-07,113
751,Denver Nuggets,2018-12-07,107
752,Memphis Grizzlies,2018-12-07,107
753,New Orleans Pelicans,2018-12-07,103
754,Chicago Bulls,2018-12-08,77
755,Boston Celtics,2018-12-08,133
756,New York Knicks,2018-12-08,104
757,Brooklyn Nets,2018-12-08,112
758,Cleveland Cavaliers,2018-12-08,116
759,Washington Wizards,2018-12-08,101
760,LA Clippers,2018-12-08,98
761,Miami Heat,2018-12-08,121
762,Portland Trail Blazers,2018-12-08,113
763,Minnesota Timberwolves,2018-12-08,105
764,Sacramento Kings,2018-12-08,97
765,Indiana Pacers,2018-12-08,107
766,Atlanta Hawks,2018-12-08,106
767,Denver Nuggets,2018-12-08,98
768,Houston Rockets,2018-12-08,104
769,Dallas Mavericks,2018-12-08,107
770,Memphis Grizzlies,2018-12-08,88
771,Los Angeles Lakers,2018-12-08,111
772,San Antonio Spurs,2018-12-09,110
773,Utah Jazz,2018-12-09,97
774,Charlotte Hornets,2018-12-09,119
775,New York Knicks,2018-12-09,107
776,Detroit Pistons,2018-12-09,108
777,New Orleans Pelicans,2018-12-09,116
778,Toronto Raptors,2018-12-09,99
779,Milwaukee Bucks,2018-12-09,104
780,Philadelphia 76ers,2018-12-10,116
781,Detroit Pistons,2018-12-10,102
782,Minnesota Timberwolves,2018-12-10,108
783,Golden State Warriors,2018-12-10,116
784,Sacramento Kings,2018-12-10,108
785,Chicago Bulls,2018-12-10,89
786,Los Angeles Lakers,2018-12-10,108
787,Miami Heat,2018-12-10,105
788,Phoenix Suns,2018-12-10,119
789,LA Clippers,2018-12-10,123
790,Boston Celtics,2018-12-10,113
791,New Orleans Pelicans,2018-12-10,100
792,Indiana Pacers,2018-12-10,109
793,Washington Wizards,2018-12-10,101
794,Orlando Magic,2018-12-10,76
795,Dallas Mavericks,2018-12-10,101
796,Cleveland Cavaliers,2018-12-10,92
797,Milwaukee Bucks,2018-12-10,108
798,Memphis Grizzlies,2018-12-10,99
799,Denver Nuggets,2018-12-10,105
800,Oklahoma City Thunder,2018-12-10,122
801,Utah Jazz,2018-12-10,113
802,Phoenix Suns,2018-12-11,86
803,San Antonio Spurs,2018-12-11,111
804,Portland Trail Blazers,2018-12-11,104
805,Houston Rockets,2018-12-11,111
806,Toronto Raptors,2018-12-11,123
807,LA Clippers,2018-12-11,99
808,Brooklyn Nets,2018-12-12,127
809,Philadelphia 76ers,2018-12-12,124
810,Golden State Warriors,2018-12-12,93
811,Toronto Raptors,2018-12-12,113
812,Cleveland Cavaliers,2018-12-12,113
813,New York Knicks,2018-12-12,106
814,Indiana Pacers,2018-12-12,113
815,Milwaukee Bucks,2018-12-12,97
816,Miami Heat,2018-12-12,84
817,Utah Jazz,2018-12-12,111
818,Atlanta Hawks,2018-12-12,107
819,Dallas Mavericks,2018-12-12,114
820,Sacramento Kings,2018-12-12,141
821,Minnesota Timberwolves,2018-12-12,130
822,Detroit Pistons,2018-12-12,107
823,Charlotte Hornets,2018-12-12,108
824,Boston Celtics,2018-12-12,130
825,Washington Wizards,2018-12-12,125
826,Portland Trail Blazers,2018-12-12,83
827,Memphis Grizzlies,2018-12-12,92
828,New Orleans Pelicans,2018-12-12,118
829,Oklahoma City Thunder,2018-12-12,114
830,San Antonio Spurs,2018-12-13,125
831,LA Clippers,2018-12-13,87
832,Dallas Mavericks,2018-12-13,89
833,Phoenix Suns,2018-12-13,99
834,Houston Rockets,2018-12-13,126
835,Los Angeles Lakers,2018-12-13,111
836,Orlando Magic,2018-12-13,97
837,Chicago Bulls,2018-12-13,91
838,Indiana Pacers,2018-12-14,113
839,Philadelphia 76ers,2018-12-14,101
840,Boston Celtics,2018-12-14,129
841,Atlanta Hawks,2018-12-14,108
842,Brooklyn Nets,2018-12-14,125
843,Washington Wizards,2018-12-14,118
844,Milwaukee Bucks,2018-12-14,114
845,Cleveland Cavaliers,2018-12-14,102
846,Portland Trail Blazers,2018-12-14,128
847,Toronto Raptors,2018-12-14,122
848,Golden State Warriors,2018-12-14,130
849,Sacramento Kings,2018-12-14,125
850,Denver Nuggets,2018-12-14,109
851,Oklahoma City Thunder,2018-12-14,98
852,New York Knicks,2018-12-14,126
853,Charlotte Hornets,2018-12-14,124
854,Miami Heat,2018-12-14,100
855,Memphis Grizzlies,2018-12-14,97
856,San Antonio Spurs,2018-12-15,93
857,Chicago Bulls,2018-12-15,98
858,Minnesota Timberwolves,2018-12-15,99
859,Phoenix Suns,2018-12-15,107
860,Orlando Magic,2018-12-15,96
861,Utah Jazz,2018-12-15,89
862,Boston Celtics,2018-12-15,104
863,Detroit Pistons,2018-12-15,113
864,Charlotte Hornets,2018-12-15,100
865,Los Angeles Lakers,2018-12-15,128
866,Houston Rockets,2018-12-15,105
867,Memphis Grizzlies,2018-12-15,97
868,Oklahoma City Thunder,2018-12-15,110
869,LA Clippers,2018-12-15,104
870,Brooklyn Nets,2018-12-16,144
871,Atlanta Hawks,2018-12-16,127
872,Cleveland Cavaliers,2018-12-16,105
873,Philadelphia 76ers,2018-12-16,128
874,New York Knicks,2018-12-16,99
875,Indiana Pacers,2018-12-16,110
876,Dallas Mavericks,2018-12-16,113
877,Sacramento Kings,2018-12-16,120
878,Toronto Raptors,2018-12-16,86
879,Denver Nuggets,2018-12-16,95
880,Los Angeles Lakers,2018-12-16,110
881,Washington Wizards,2018-12-16,128
882,New Orleans Pelicans,2018-12-16,96
883,Miami Heat,2018-12-16,102
884,Memphis Grizzlies,2018-12-17,93
885,Golden State Warriors,2018-12-17,110
886,San Antonio Spurs,2018-12-17,123
887,Philadelphia 76ers,2018-12-17,96
888,New York Knicks,2018-12-17,110
889,Phoenix Suns,2018-12-17,128
890,Utah Jazz,2018-12-17,97
891,Houston Rockets,2018-12-17,102
892,Portland Trail Blazers,2018-12-17,131
893,LA Clippers,2018-12-17,127
894,Detroit Pistons,2018-12-17,104
895,Milwaukee Bucks,2018-12-17,107
896,Sacramento Kings,2018-12-17,105
897,Minnesota Timberwolves,2018-12-17,132
898,Oklahoma City Thunder,2018-12-17,121
899,Chicago Bulls,2018-12-17,96
900,Brooklyn Nets,2018-12-18,115
901,Los Angeles Lakers,2018-12-18,110
902,Indiana Pacers,2018-12-18,91
903,Cleveland Cavaliers,2018-12-18,92
904,Washington Wizards,2018-12-18,110
905,Atlanta Hawks,2018-12-18,118
906,Denver Nuggets,2018-12-18,126
907,Dallas Mavericks,2018-12-18,118
908,Philadelphia 76ers,2018-12-19,131
909,New York Knicks,2018-12-19,109
910,Brooklyn Nets,2018-12-19,96
911,Chicago Bulls,2018-12-19,93
912,Phoenix Suns,2018-12-19,111
913,Boston Celtics,2018-12-19,103
914,Houston Rockets,2018-12-19,136
915,Washington Wizards,2018-12-19,118
916,Orlando Magic,2018-12-19,90
917,San Antonio Spurs,2018-12-19,129
918,Memphis Grizzlies,2018-12-19,92
919,Portland Trail Blazers,2018-12-19,99
920,Golden State Warriors,2018-12-19,103
921,Utah Jazz,2018-12-19,108
922,New Orleans Pelicans,2018-12-19,115
923,Milwaukee Bucks,2018-12-19,123
924,Sacramento Kings,2018-12-19,113
925,Oklahoma City Thunder,2018-12-19,132
926,Detroit Pistons,2018-12-19,129
927,Minnesota Timberwolves,2018-12-19,123
928,Charlotte Hornets,2018-12-19,110
929,Cleveland Cavaliers,2018-12-19,99
930,Toronto Raptors,2018-12-19,99
931,Indiana Pacers,2018-12-19,96
932,LA Clippers,2018-12-20,125
933,Dallas Mavericks,2018-12-20,121
934,Miami Heat,2018-12-20,101
935,Houston Rockets,2018-12-20,99
936,San Antonio Spurs,2018-12-21,124
937,Minnesota Timberwolves,2018-12-21,98
938,Los Angeles Lakers,2018-12-21,112
939,New Orleans Pelicans,2018-12-21,104
940,Orlando Magic,2018-12-21,80
941,Chicago Bulls,2018-12-21,90
942,New York Knicks,2018-12-21,107
943,Atlanta Hawks,2018-12-21,114
944,Boston Celtics,2018-12-21,107
945,Milwaukee Bucks,2018-12-21,120
946,Indiana Pacers,2018-12-21,114
947,Brooklyn Nets,2018-12-21,106
948,Utah Jazz,2018-12-21,120
949,Portland Trail Blazers,2018-12-21,90
950,Memphis Grizzlies,2018-12-21,99
951,Sacramento Kings,2018-12-21,102
952,Detroit Pistons,2018-12-21,86
953,Charlotte Hornets,2018-12-21,98
954,Cleveland Cavaliers,2018-12-21,110
955,Toronto Raptors,2018-12-21,126
956,Toronto Raptors,2018-12-22,101
957,Philadelphia 76ers,2018-12-22,126
958,Dallas Mavericks,2018-12-22,116
959,Golden State Warriors,2018-12-22,120
960,San Antonio Spurs,2018-12-22,101
961,Houston Rockets,2018-12-22,108
962,Denver Nuggets,2018-12-22,111
963,LA Clippers,2018-12-22,132
964,Milwaukee Bucks,2018-12-22,87
965,Miami Heat,2018-12-22,94
966,Oklahoma City Thunder,2018-12-22,107
967,Utah Jazz,2018-12-22,106
968,Phoenix Suns,2018-12-22,146
969,Washington Wizards,2018-12-22,149
970,LA Clippers,2018-12-23,127
971,Golden State Warriors,2018-12-23,129
972,Memphis Grizzlies,2018-12-23,107
973,Los Angeles Lakers,2018-12-23,99
974,Boston Celtics,2018-12-23,119
975,Charlotte Hornets,2018-12-23,103
976,Phoenix Suns,2018-12-23,103
977,Brooklyn Nets,2018-12-23,111
978,Chicago Bulls,2018-12-23,112
979,Cleveland Cavaliers,2018-12-23,92
980,Miami Heat,2018-12-23,115
981,Orlando Magic,2018-12-23,91
982,Detroit Pistons,2018-12-23,95
983,Atlanta Hawks,2018-12-23,98
984,Portland Trail Blazers,2018-12-23,121
985,Dallas Mavericks,2018-12-23,118
986,Indiana Pacers,2018-12-23,105
987,Washington Wizards,2018-12-23,89
988,Sacramento Kings,2018-12-23,122
989,New Orleans Pelicans,2018-12-23,117
990,Oklahoma City Thunder,2018-12-23,112
991,Minnesota Timberwolves,2018-12-23,114
992,Milwaukee Bucks,2018-12-25,109
993,New York Knicks,2018-12-25,95
994,Golden State Warriors,2018-12-25,101
995,Los Angeles Lakers,2018-12-25,127
996,Philadelphia 76ers,2018-12-25,114
997,Boston Celtics,2018-12-25,121
998,Houston Rockets,2018-12-25,113
999,Oklahoma City Thunder,2018-12-25,109
1000,Portland Trail Blazers,2018-12-25,96
1001,Utah Jazz,2018-12-25,117
1002,San Antonio Spurs,2018-12-26,111
1003,Denver Nuggets,2018-12-26,103
1004,Minnesota Timberwolves,2018-12-26,119
1005,Chicago Bulls,2018-12-26,94
1006,Brooklyn Nets,2018-12-26,134
1007,Charlotte Hornets,2018-12-26,132
1008,Phoenix Suns,2018-12-26,122
1009,Orlando Magic,2018-12-26,120
1010,Sacramento Kings,2018-12-26,118
1011,LA Clippers,2018-12-26,127
1012,Detroit Pistons,2018-12-26,106
1013,Washington Wizards,2018-12-26,95
1014,Miami Heat,2018-12-26,104
1015,Toronto Raptors,2018-12-26,106
1016,Indiana Pacers,2018-12-26,129
1017,Atlanta Hawks,2018-12-26,121
1018,New Orleans Pelicans,2018-12-26,119
1019,Dallas Mavericks,2018-12-26,122
1020,Memphis Grizzlies,2018-12-26,95
1021,Cleveland Cavaliers,2018-12-26,87
1022,Golden State Warriors,2018-12-27,109
1023,Portland Trail Blazers,2018-12-27,110
1024,Houston Rockets,2018-12-27,127
1025,Boston Celtics,2018-12-27,113
1026,Utah Jazz,2018-12-27,97
1027,Philadelphia 76ers,2018-12-27,114
1028,Milwaukee Bucks,2018-12-27,112
1029,New York Knicks,2018-12-27,96
1030,Los Angeles Lakers,2018-12-27,116
1031,Sacramento Kings,2018-12-27,117
1032,Los Angeles Lakers,2018-12-28,107
1033,LA Clippers,2018-12-28,118
1034,Oklahoma City Thunder,2018-12-28,118
1035,Phoenix Suns,2018-12-28,102
1036,Toronto Raptors,2018-12-28,87
1037,Orlando Magic,2018-12-28,116
1038,Cleveland Cavaliers,2018-12-28,94
1039,Miami Heat,2018-12-28,118
1040,Detroit Pistons,2018-12-28,88
1041,Indiana Pacers,2018-12-28,125
1042,Denver Nuggets,2018-12-28,102
1043,San Antonio Spurs,2018-12-28,99
1044,Atlanta Hawks,2018-12-28,123
1045,Minnesota Timberwolves,2018-12-28,120
1046,Brooklyn Nets,2018-12-28,87
1047,Charlotte Hornets,2018-12-28,100
1048,Chicago Bulls,2018-12-28,101
1049,Washington Wizards,2018-12-28,92
1050,New Orleans Pelicans,2018-12-28,114
1051,Dallas Mavericks,2018-12-28,112
1052,Phoenix Suns,2018-12-29,118
1053,Denver Nuggets,2018-12-29,122
1054,LA Clippers,2018-12-29,111
1055,San Antonio Spurs,2018-12-29,122
1056,Golden State Warriors,2018-12-29,115
1057,Portland Trail Blazers,2018-12-29,105
1058,Utah Jazz,2018-12-29,129
1059,New York Knicks,2018-12-29,97
1060,Atlanta Hawks,2018-12-29,111
1061,Cleveland Cavaliers,2018-12-29,108
1062,Milwaukee Bucks,2018-12-29,129
1063,Brooklyn Nets,2018-12-29,115
1064,Washington Wizards,2018-12-29,130
1065,Charlotte Hornets,2018-12-29,126
1066,Boston Celtics,2018-12-29,112
1067,Memphis Grizzlies,2018-12-29,103
1068,Houston Rockets,2018-12-29,108
1069,New Orleans Pelicans,2018-12-29,104
1070,Los Angeles Lakers,2018-12-30,121
1071,Sacramento Kings,2018-12-30,114
1072,Detroit Pistons,2018-12-30,107
1073,Orlando Magic,2018-12-30,109
1074,Minnesota Timberwolves,2018-12-30,113
1075,Miami Heat,2018-12-30,104
1076,Portland Trail Blazers,2018-12-30,129
1077,Philadelphia 76ers,2018-12-30,95
1078,Oklahoma City Thunder,2018-12-30,103
1079,Dallas Mavericks,2018-12-30,105
1080,Chicago Bulls,2018-12-30,89
1081,Toronto Raptors,2018-12-30,95
1082,Boston Celtics,2018-12-31,111
1083,San Antonio Spurs,2018-12-31,120
1084,Golden State Warriors,2018-12-31,132
1085,Phoenix Suns,2018-12-31,109
1086,Houston Rockets,2018-12-31,113
1087,Memphis Grizzlies,2018-12-31,101
1088,Atlanta Hawks,2018-12-31,108
1089,Indiana Pacers,2018-12-31,116
1090,Charlotte Hornets,2018-12-31,125
1091,Orlando Magic,2018-12-31,100
1092,Dallas Mavericks,2018-12-31,102
1093,Oklahoma City Thunder,2018-12-31,122
1094,Minnesota Timberwolves,2018-12-31,114
1095,New Orleans Pelicans,2018-12-31,123
1096,LA Clippers,2019-01-01,113
1097,Philadelphia 76ers,2019-01-01,119
1098,Portland Trail Blazers,2019-01-01,113
1099,Sacramento Kings,2019-01-01,108
1100,Milwaukee Bucks,2019-01-01,121
1101,Detroit Pistons,2019-01-01,98
1102,Denver Nuggets,2019-01-01,115
1103,New York Knicks,2019-01-01,108
1104,Utah Jazz,2019-01-01,116
1105,Toronto Raptors,2019-01-01,122
1106,Los Angeles Lakers,2019-01-02,100
1107,Oklahoma City Thunder,2019-01-02,107
1108,Chicago Bulls,2019-01-02,84
1109,Orlando Magic,2019-01-02,112
1110,Phoenix Suns,2019-01-02,127
1111,Philadelphia 76ers,2019-01-02,132
1112,Boston Celtics,2019-01-02,115
1113,Minnesota Timberwolves,2019-01-02,102
1114,New Orleans Pelicans,2019-01-02,121
1115,Brooklyn Nets,2019-01-02,126
1116,Miami Heat,2019-01-02,117
1117,Cleveland Cavaliers,2019-01-02,92
1118,Dallas Mavericks,2019-01-02,122
1119,Charlotte Hornets,2019-01-02,84
1120,Washington Wizards,2019-01-02,114
1121,Atlanta Hawks,2019-01-02,98
1122,Memphis Grizzlies,2019-01-02,94
1123,Detroit Pistons,2019-01-02,101
1124,Houston Rockets,2019-01-03,135
1125,Golden State Warriors,2019-01-03,134
1126,Toronto Raptors,2019-01-03,107
1127,San Antonio Spurs,2019-01-03,125
1128,Sacramento Kings,2019-01-03,113
1129,Denver Nuggets,2019-01-03,117
1130,Los Angeles Lakers,2019-01-04,112
1131,New York Knicks,2019-01-04,119
1132,Indiana Pacers,2019-01-04,119
1133,Chicago Bulls,2019-01-04,116
1134,LA Clippers,2019-01-04,121
1135,Phoenix Suns,2019-01-04,111
1136,Boston Celtics,2019-01-04,114
1137,Dallas Mavericks,2019-01-04,93
1138,Cleveland Cavaliers,2019-01-04,91
1139,Utah Jazz,2019-01-04,117
1140,Miami Heat,2019-01-04,115
1141,Washington Wizards,2019-01-04,109
1142,Portland Trail Blazers,2019-01-04,109
1143,Oklahoma City Thunder,2019-01-04,111
1144,Milwaukee Bucks,2019-01-04,144
1145,Atlanta Hawks,2019-01-04,112
1146,Minnesota Timberwolves,2019-01-04,120
1147,Orlando Magic,2019-01-04,103
1148,Memphis Grizzlies,2019-01-04,100
1149,Brooklyn Nets,2019-01-04,109
1150,Philadelphia 76ers,2019-01-05,106
1151,Dallas Mavericks,2019-01-05,100
1152,Memphis Grizzlies,2019-01-05,88
1153,San Antonio Spurs,2019-01-05,108
1154,Cleveland Cavaliers,2019-01-05,98
1155,New Orleans Pelicans,2019-01-05,133
1156,Detroit Pistons,2019-01-05,105
1157,Utah Jazz,2019-01-05,110
1158,Houston Rockets,2019-01-05,101
1159,Portland Trail Blazers,2019-01-05,110
1160,Milwaukee Bucks,2019-01-05,116
1161,Toronto Raptors,2019-01-05,123
1162,Sacramento Kings,2019-01-05,123
1163,Golden State Warriors,2019-01-05,127
1164,Denver Nuggets,2019-01-05,123
1165,Charlotte Hornets,2019-01-05,110
1166,Chicago Bulls,2019-01-06,100
1167,Brooklyn Nets,2019-01-06,117
1168,Phoenix Suns,2019-01-06,113
1169,Charlotte Hornets,2019-01-06,119
1170,LA Clippers,2019-01-06,106
1171,Orlando Magic,2019-01-06,96
1172,Miami Heat,2019-01-06,82
1173,Atlanta Hawks,2019-01-06,106
1174,Los Angeles Lakers,2019-01-06,86
1175,Minnesota Timberwolves,2019-01-06,108
1176,Toronto Raptors,2019-01-06,121
1177,Indiana Pacers,2019-01-06,105
1178,Oklahoma City Thunder,2019-01-06,98
1179,Washington Wizards,2019-01-06,116
1180,Boston Celtics,2019-01-07,116
1181,Brooklyn Nets,2019-01-07,95
1182,Houston Rockets,2019-01-07,125
1183,Denver Nuggets,2019-01-07,113
1184,Detroit Pistons,2019-01-07,107
1185,San Antonio Spurs,2019-01-07,119
1186,New York Knicks,2019-01-07,101
1187,Portland Trail Blazers,2019-01-07,111
1188,Dallas Mavericks,2019-01-07,97
1189,Los Angeles Lakers,2019-01-07,107
1190,Milwaukee Bucks,2019-01-07,114
1191,Utah Jazz,2019-01-07,102
1192,Sacramento Kings,2019-01-07,111
1193,Orlando Magic,2019-01-07,95
1194,New Orleans Pelicans,2019-01-07,114
1195,Memphis Grizzlies,2019-01-07,95
1196,Washington Wizards,2019-01-08,115
1197,Philadelphia 76ers,2019-01-08,132
1198,Golden State Warriors,2019-01-08,122
1199,New York Knicks,2019-01-08,95
1200,Sacramento Kings,2019-01-08,111
1201,Phoenix Suns,2019-01-08,115
1202,Indiana Pacers,2019-01-08,123
1203,Cleveland Cavaliers,2019-01-08,115
1204,Miami Heat,2019-01-08,99
1205,Denver Nuggets,2019-01-08,103
1206,Charlotte Hornets,2019-01-08,109
1207,LA Clippers,2019-01-08,128
1208,Atlanta Hawks,2019-01-08,101
1209,Toronto Raptors,2019-01-08,104
1210,Minnesota Timberwolves,2019-01-08,119
1211,Oklahoma City Thunder,2019-01-08,117
1212,Los Angeles Lakers,2019-01-09,113
1213,Detroit Pistons,2019-01-09,100
1214,Boston Celtics,2019-01-09,135
1215,Indiana Pacers,2019-01-09,108
1216,Brooklyn Nets,2019-01-09,116
1217,Atlanta Hawks,2019-01-09,100
1218,Houston Rockets,2019-01-09,109
1219,Milwaukee Bucks,2019-01-09,116
1220,Chicago Bulls,2019-01-09,112
1221,Portland Trail Blazers,2019-01-09,124
1222,Dallas Mavericks,2019-01-09,104
1223,Phoenix Suns,2019-01-09,94
1224,Utah Jazz,2019-01-09,106
1225,Orlando Magic,2019-01-09,93
1226,Philadelphia 76ers,2019-01-09,106
1227,Washington Wizards,2019-01-09,123
1228,Memphis Grizzlies,2019-01-09,96
1229,San Antonio Spurs,2019-01-09,86
1230,Cleveland Cavaliers,2019-01-09,124
1231,New Orleans Pelicans,2019-01-09,140
1232,Oklahoma City Thunder,2019-01-10,147
1233,San Antonio Spurs,2019-01-10,154
1234,Miami Heat,2019-01-10,115
1235,Boston Celtics,2019-01-10,99
1236,Detroit Pistons,2019-01-10,102
1237,Sacramento Kings,2019-01-10,112
1238,LA Clippers,2019-01-10,100
1239,Denver Nuggets,2019-01-10,121
1240,Atlanta Hawks,2019-01-11,123
1241,Philadelphia 76ers,2019-01-11,121
1242,Golden State Warriors,2019-01-11,146
1243,Chicago Bulls,2019-01-11,109
1244,Indiana Pacers,2019-01-11,121
1245,New York Knicks,2019-01-11,106
1246,Cleveland Cavaliers,2019-01-11,113
1247,Houston Rockets,2019-01-11,141
1248,Charlotte Hornets,2019-01-11,96
1249,Portland Trail Blazers,2019-01-11,127
1250,Los Angeles Lakers,2019-01-11,95
1251,Utah Jazz,2019-01-11,113
1252,Minnesota Timberwolves,2019-01-11,115
1253,Dallas Mavericks,2019-01-11,119
1254,Milwaukee Bucks,2019-01-11,106
1255,Washington Wizards,2019-01-11,113
1256,Brooklyn Nets,2019-01-11,105
1257,Toronto Raptors,2019-01-11,122
1258,Denver Nuggets,2019-01-12,93
1259,Phoenix Suns,2019-01-12,102
1260,Boston Celtics,2019-01-12,103
1261,Orlando Magic,2019-01-12,105
1262,Miami Heat,2019-01-12,112
1263,Memphis Grizzlies,2019-01-12,108
1264,LA Clippers,2019-01-12,104
1265,Detroit Pistons,2019-01-12,109
1266,Chicago Bulls,2019-01-12,102
1267,Utah Jazz,2019-01-12,110
1268,Charlotte Hornets,2019-01-12,97
1269,Sacramento Kings,2019-01-12,104
1270,Minnesota Timberwolves,2019-01-12,110
1271,New Orleans Pelicans,2019-01-12,106
1272,Oklahoma City Thunder,2019-01-12,122
1273,San Antonio Spurs,2019-01-12,112
1274,Cleveland Cavaliers,2019-01-13,101
1275,Los Angeles Lakers,2019-01-13,95
1276,New York Knicks,2019-01-13,105
1277,Philadelphia 76ers,2019-01-13,108
1278,Orlando Magic,2019-01-13,116
1279,Houston Rockets,2019-01-13,109
1280,Milwaukee Bucks,2019-01-13,133
1281,Atlanta Hawks,2019-01-13,114
1282,Dallas Mavericks,2019-01-13,114
1283,Golden State Warriors,2019-01-13,119
1284,Portland Trail Blazers,2019-01-13,113
1285,Denver Nuggets,2019-01-13,116
1286,Washington Wizards,2019-01-13,138
1287,Toronto Raptors,2019-01-13,140
1288,Charlotte Hornets,2019-01-14,108
1289,San Antonio Spurs,2019-01-14,93
1290,Brooklyn Nets,2019-01-14,109
1291,Boston Celtics,2019-01-14,102
1292,Memphis Grizzlies,2019-01-14,94
1293,Houston Rockets,2019-01-14,112
1294,New Orleans Pelicans,2019-01-14,121
1295,LA Clippers,2019-01-14,117
1296,Utah Jazz,2019-01-14,100
1297,Detroit Pistons,2019-01-14,94
1298,Portland Trail Blazers,2019-01-14,107
1299,Sacramento Kings,2019-01-14,115
1300,Minnesota Timberwolves,2019-01-15,107
1301,Philadelphia 76ers,2019-01-15,149
1302,Chicago Bulls,2019-01-15,100
1303,Los Angeles Lakers,2019-01-15,107
1304,Indiana Pacers,2019-01-15,131
1305,Phoenix Suns,2019-01-15,97
1306,Atlanta Hawks,2019-01-15,142
1307,Oklahoma City Thunder,2019-01-15,126
1308,Milwaukee Bucks,2019-01-15,124
1309,Miami Heat,2019-01-15,86
1310,Golden State Warriors,2019-01-15,142
1311,Denver Nuggets,2019-01-15,111
1312,New Orleans Pelicans,2019-01-16,140
1313,Golden State Warriors,2019-01-16,147
1314,Boston Celtics,2019-01-16,117
1315,Toronto Raptors,2019-01-16,108
1316,Brooklyn Nets,2019-01-16,145
1317,Houston Rockets,2019-01-16,142
1318,LA Clippers,2019-01-16,109
1319,Utah Jazz,2019-01-16,129
1320,Detroit Pistons,2019-01-16,120
1321,Orlando Magic,2019-01-16,115
1322,Portland Trail Blazers,2019-01-16,129
1323,Cleveland Cavaliers,2019-01-16,112
1324,Dallas Mavericks,2019-01-16,101
1325,San Antonio Spurs,2019-01-16,105
1326,Memphis Grizzlies,2019-01-16,101
1327,Milwaukee Bucks,2019-01-16,111
1328,Indiana Pacers,2019-01-17,96
1329,Philadelphia 76ers,2019-01-17,120
1330,Chicago Bulls,2019-01-17,105
1331,Denver Nuggets,2019-01-17,135
1332,New York Knicks,2019-01-17,100
1333,Washington Wizards,2019-01-17,101
1334,Sacramento Kings,2019-01-17,95
1335,Charlotte Hornets,2019-01-17,114
1336,Toronto Raptors,2019-01-17,111
1337,Phoenix Suns,2019-01-17,109
1338,Los Angeles Lakers,2019-01-17,138
1339,Oklahoma City Thunder,2019-01-17,128
1340,Memphis Grizzlies,2019-01-18,116
1341,Boston Celtics,2019-01-18,122
1342,Orlando Magic,2019-01-18,115
1343,Brooklyn Nets,2019-01-18,117
1344,LA Clippers,2019-01-18,94
1345,Golden State Warriors,2019-01-18,112
1346,Detroit Pistons,2019-01-18,98
1347,Miami Heat,2019-01-18,93
1348,Portland Trail Blazers,2019-01-18,128
1349,New Orleans Pelicans,2019-01-18,112
1350,Utah Jazz,2019-01-18,115
1351,Cleveland Cavaliers,2019-01-18,99
1352,San Antonio Spurs,2019-01-18,116
1353,Minnesota Timberwolves,2019-01-18,113
1354,Oklahoma City Thunder,2019-01-19,117
1355,Philadelphia 76ers,2019-01-19,115
1356,Chicago Bulls,2019-01-19,103
1357,Miami Heat,2019-01-19,117
1358,Houston Rockets,2019-01-19,138
1359,Los Angeles Lakers,2019-01-19,134
1360,Milwaukee Bucks,2019-01-19,118
1361,Orlando Magic,2019-01-19,108
1362,Detroit Pistons,2019-01-19,101
1363,Sacramento Kings,2019-01-19,103
1364,Indiana Pacers,2019-01-19,111
1365,Dallas Mavericks,2019-01-19,99
1366,Atlanta Hawks,2019-01-19,105
1367,Boston Celtics,2019-01-19,113
1368,Cleveland Cavaliers,2019-01-19,102
1369,Denver Nuggets,2019-01-19,124
1370,Phoenix Suns,2019-01-19,115
1371,Charlotte Hornets,2019-01-19,135
1372,Memphis Grizzlies,2019-01-19,90
1373,Toronto Raptors,2019-01-19,119
1374,LA Clippers,2019-01-20,103
1375,San Antonio Spurs,2019-01-20,95
1376,Indiana Pacers,2019-01-20,120
1377,Charlotte Hornets,2019-01-20,95
1378,Phoenix Suns,2019-01-20,114
1379,Minnesota Timberwolves,2019-01-20,116
1380,Philadelphia 76ers,2019-01-21,121
1381,Houston Rockets,2019-01-21,93
1382,Los Angeles Lakers,2019-01-21,111
1383,Golden State Warriors,2019-01-21,130
1384,Oklahoma City Thunder,2019-01-21,127
1385,New York Knicks,2019-01-21,109
1386,Boston Celtics,2019-01-21,107
1387,Miami Heat,2019-01-21,99
1388,Brooklyn Nets,2019-01-21,123
1389,Sacramento Kings,2019-01-21,94
1390,Cleveland Cavaliers,2019-01-21,88
1391,Chicago Bulls,2019-01-21,104
1392,Atlanta Hawks,2019-01-21,103
1393,Orlando Magic,2019-01-21,122
1394,Utah Jazz,2019-01-21,104
1395,Portland Trail Blazers,2019-01-21,109
1396,Milwaukee Bucks,2019-01-21,116
1397,Dallas Mavericks,2019-01-21,106
1398,Washington Wizards,2019-01-21,101
1399,Detroit Pistons,2019-01-21,87
1400,Memphis Grizzlies,2019-01-21,85
1401,New Orleans Pelicans,2019-01-21,105
1402,Minnesota Timberwolves,2019-01-22,118
1403,Phoenix Suns,2019-01-22,91
1404,LA Clippers,2019-01-22,98
1405,Dallas Mavericks,2019-01-22,106
1406,Sacramento Kings,2019-01-22,105
1407,Toronto Raptors,2019-01-22,120
1408,Portland Trail Blazers,2019-01-22,114
1409,Oklahoma City Thunder,2019-01-22,123
1410,San Antonio Spurs,2019-01-23,120
1411,Philadelphia 76ers,2019-01-23,122
1412,Atlanta Hawks,2019-01-23,121
1413,Chicago Bulls,2019-01-23,101
1414,Houston Rockets,2019-01-23,114
1415,New York Knicks,2019-01-23,110
1416,Boston Celtics,2019-01-23,123
1417,Cleveland Cavaliers,2019-01-23,103
1418,Brooklyn Nets,2019-01-23,114
1419,Orlando Magic,2019-01-23,110
1420,Miami Heat,2019-01-23,99
1421,LA Clippers,2019-01-23,111
1422,Indiana Pacers,2019-01-23,110
1423,Toronto Raptors,2019-01-23,106
1424,Utah Jazz,2019-01-23,114
1425,Denver Nuggets,2019-01-23,108
1426,Memphis Grizzlies,2019-01-23,107
1427,Charlotte Hornets,2019-01-23,118
1428,Detroit Pistons,2019-01-23,98
1429,New Orleans Pelicans,2019-01-23,94
1430,Los Angeles Lakers,2019-01-24,105
1431,Minnesota Timberwolves,2019-01-24,120
1432,Portland Trail Blazers,2019-01-24,120
1433,Phoenix Suns,2019-01-24,106
1434,Washington Wizards,2019-01-24,118
1435,Golden State Warriors,2019-01-24,126
1436,New Orleans Pelicans,2019-01-24,116
1437,Oklahoma City Thunder,2019-01-24,122
1438,Chicago Bulls,2019-01-25,101
1439,LA Clippers,2019-01-25,106
1440,New York Knicks,2019-01-25,99
1441,Brooklyn Nets,2019-01-25,109
1442,Cleveland Cavaliers,2019-01-25,94
1443,Miami Heat,2019-01-25,100
1444,Toronto Raptors,2019-01-25,119
1445,Houston Rockets,2019-01-25,121
1446,Washington Wizards,2019-01-25,95
1447,Orlando Magic,2019-01-25,91
1448,Minnesota Timberwolves,2019-01-25,102
1449,Utah Jazz,2019-01-25,106
1450,Detroit Pistons,2019-01-25,101
1451,Dallas Mavericks,2019-01-25,106
1452,Milwaukee Bucks,2019-01-25,108
1453,Charlotte Hornets,2019-01-25,99
1454,Phoenix Suns,2019-01-25,95
1455,Denver Nuggets,2019-01-25,132
1456,Memphis Grizzlies,2019-01-25,96
1457,Sacramento Kings,2019-01-25,99
1458,Boston Celtics,2019-01-26,111
1459,Golden State Warriors,2019-01-26,115
1460,Portland Trail Blazers,2019-01-26,120
1461,Atlanta Hawks,2019-01-26,111
1462,Philadelphia 76ers,2019-01-26,110
1463,Denver Nuggets,2019-01-26,126
1464,Memphis Grizzlies,2019-01-26,106
1465,Indiana Pacers,2019-01-26,103
1466,San Antonio Spurs,2019-01-26,126
1467,New Orleans Pelicans,2019-01-26,114
1468,Washington Wizards,2019-01-27,119
1469,San Antonio Spurs,2019-01-27,132
1470,Phoenix Suns,2019-01-27,102
1471,Los Angeles Lakers,2019-01-27,116
1472,Chicago Bulls,2019-01-27,101
1473,Cleveland Cavaliers,2019-01-27,104
1474,Miami Heat,2019-01-27,106
1475,New York Knicks,2019-01-27,97
1476,Orlando Magic,2019-01-27,98
1477,Houston Rockets,2019-01-27,103
1478,LA Clippers,2019-01-27,122
1479,Sacramento Kings,2019-01-27,108
1480,Toronto Raptors,2019-01-27,123
1481,Dallas Mavericks,2019-01-27,120
1482,Minnesota Timberwolves,2019-01-27,111
1483,Utah Jazz,2019-01-27,125
1484,Milwaukee Bucks,2019-01-27,112
1485,Oklahoma City Thunder,2019-01-27,118
1486,Brooklyn Nets,2019-01-28,104
1487,Boston Celtics,2019-01-28,112
1488,LA Clippers,2019-01-28,118
1489,Atlanta Hawks,2019-01-28,123
1490,Indiana Pacers,2019-01-28,100
1491,Golden State Warriors,2019-01-28,132
1492,Charlotte Hornets,2019-01-28,101
1493,New York Knicks,2019-01-28,92
1494,Denver Nuggets,2019-01-28,95
1495,Memphis Grizzlies,2019-01-28,92
1496,San Antonio Spurs,2019-01-29,126
1497,Phoenix Suns,2019-01-29,124
1498,Los Angeles Lakers,2019-01-29,105
1499,Philadelphia 76ers,2019-01-29,121
1500,Brooklyn Nets,2019-01-29,122
1501,Chicago Bulls,2019-01-29,117
1502,Washington Wizards,2019-01-29,113
1503,Cleveland Cavaliers,2019-01-29,116
1504,New Orleans Pelicans,2019-01-29,121
1505,Houston Rockets,2019-01-29,116
1506,Orlando Magic,2019-01-29,117
1507,Oklahoma City Thunder,2019-01-29,126
1508,Milwaukee Bucks,2019-01-29,115
1509,Detroit Pistons,2019-01-29,105
1510,Dallas Mavericks,2019-01-30,114
1511,New York Knicks,2019-01-30,90
1512,Boston Celtics,2019-01-30,126
1513,Charlotte Hornets,2019-01-30,94
1514,Miami Heat,2019-01-30,89
1515,Chicago Bulls,2019-01-30,105
1516,Portland Trail Blazers,2019-01-30,132
1517,Utah Jazz,2019-01-30,105
1518,Atlanta Hawks,2019-01-30,113
1519,Sacramento Kings,2019-01-30,135
1520,Memphis Grizzlies,2019-01-30,97
1521,Minnesota Timberwolves,2019-01-30,99
1522,Indiana Pacers,2019-01-30,89
1523,Washington Wizards,2019-01-30,107
1524,New Orleans Pelicans,2019-01-30,99
1525,Denver Nuggets,2019-01-30,105
1526,Philadelphia 76ers,2019-01-31,113
1527,Golden State Warriors,2019-01-31,104
1528,Brooklyn Nets,2019-01-31,114
1529,San Antonio Spurs,2019-01-31,117
1530,Indiana Pacers,2019-01-31,100
1531,Orlando Magic,2019-01-31,107
1532,Los Angeles Lakers,2019-01-31,123
1533,LA Clippers,2019-01-31,120
1534,Detroit Pistons,2019-01-31,93
1535,Dallas Mavericks,2019-01-31,89
1536,Milwaukee Bucks,2019-01-31,105
1537,Toronto Raptors,2019-01-31,92
1538,New York Knicks,2019-02-01,99
1539,Boston Celtics,2019-02-01,113
1540,Miami Heat,2019-02-01,102
1541,Oklahoma City Thunder,2019-02-01,118
1542,Utah Jazz,2019-02-01,128
1543,Atlanta Hawks,2019-02-01,112
1544,Houston Rockets,2019-02-01,122
1545,Denver Nuggets,2019-02-01,136
1546,Charlotte Hornets,2019-02-01,100
1547,Memphis Grizzlies,2019-02-01,92
1548,Golden State Warriors,2019-02-02,115
1549,Los Angeles Lakers,2019-02-02,101
1550,New Orleans Pelicans,2019-02-02,108
1551,San Antonio Spurs,2019-02-02,113
1552,Atlanta Hawks,2019-02-02,118
1553,Phoenix Suns,2019-02-02,112
1554,Dallas Mavericks,2019-02-02,111
1555,Cleveland Cavaliers,2019-02-02,98
1556,Orlando Magic,2019-02-02,102
1557,Brooklyn Nets,2019-02-02,89
1558,Indiana Pacers,2019-02-02,95
1559,Miami Heat,2019-02-02,88
1560,LA Clippers,2019-02-02,111
1561,Detroit Pistons,2019-02-02,101
1562,Utah Jazz,2019-02-02,98
1563,Houston Rockets,2019-02-02,125
1564,Philadelphia 76ers,2019-02-02,108
1565,Sacramento Kings,2019-02-02,115
1566,Minnesota Timberwolves,2019-02-02,106
1567,Denver Nuggets,2019-02-02,107
1568,Charlotte Hornets,2019-02-02,125
1569,Chicago Bulls,2019-02-02,118
1570,Washington Wizards,2019-02-02,115
1571,Milwaukee Bucks,2019-02-02,131
1572,Memphis Grizzlies,2019-02-03,96
1573,New York Knicks,2019-02-03,84
1574,Boston Celtics,2019-02-03,134
1575,Oklahoma City Thunder,2019-02-03,129
1576,Toronto Raptors,2019-02-03,121
1577,LA Clippers,2019-02-03,103
1578,Phoenix Suns,2019-02-04,110
1579,Houston Rockets,2019-02-04,118
1580,Brooklyn Nets,2019-02-04,94
1581,Milwaukee Bucks,2019-02-04,113
1582,Denver Nuggets,2019-02-04,103
1583,Detroit Pistons,2019-02-04,129
1584,Sacramento Kings,2019-02-04,127
1585,San Antonio Spurs,2019-02-04,112
1586,Washington Wizards,2019-02-04,129
1587,Atlanta Hawks,2019-02-04,137
1588,New Orleans Pelicans,2019-02-04,107
1589,Indiana Pacers,2019-02-04,109
1590,Philadelphia 76ers,2019-02-05,107
1591,Toronto Raptors,2019-02-05,119
1592,Detroit Pistons,2019-02-05,105
1593,New York Knicks,2019-02-05,92
1594,Cleveland Cavaliers,2019-02-05,96
1595,Boston Celtics,2019-02-05,103
1596,Miami Heat,2019-02-05,118
1597,Portland Trail Blazers,2019-02-05,108
1598,Los Angeles Lakers,2019-02-05,94
1599,Indiana Pacers,2019-02-05,136
1600,Charlotte Hornets,2019-02-05,115
1601,LA Clippers,2019-02-05,117
1602,Memphis Grizzlies,2019-02-05,108
1603,Minnesota Timberwolves,2019-02-05,106
1604,Oklahoma City Thunder,2019-02-05,132
1605,Orlando Magic,2019-02-05,122
1606,San Antonio Spurs,2019-02-06,102
1607,Golden State Warriors,2019-02-06,141
1608,Chicago Bulls,2019-02-06,120
1609,New Orleans Pelicans,2019-02-06,125
1610,Brooklyn Nets,2019-02-06,135
1611,Denver Nuggets,2019-02-06,130
1612,Phoenix Suns,2019-02-06,88
1613,Utah Jazz,2019-02-06,116
1614,Dallas Mavericks,2019-02-06,99
1615,Charlotte Hornets,2019-02-06,93
1616,Washington Wizards,2019-02-06,129
1617,Milwaukee Bucks,2019-02-06,148
1618,Houston Rockets,2019-02-06,127
1619,Sacramento Kings,2019-02-06,101
1620,Boston Celtics,2019-02-07,128
1621,Los Angeles Lakers,2019-02-07,129
1622,Orlando Magic,2019-02-07,122
1623,Minnesota Timberwolves,2019-02-07,112
1624,San Antonio Spurs,2019-02-07,118
1625,Portland Trail Blazers,2019-02-07,127
1626,Indiana Pacers,2019-02-07,116
1627,LA Clippers,2019-02-07,92
1628,Atlanta Hawks,2019-02-07,101
1629,Toronto Raptors,2019-02-07,119
1630,Memphis Grizzlies,2019-02-07,95
1631,Oklahoma City Thunder,2019-02-07,117
1632,Denver Nuggets,2019-02-08,110
1633,Philadelphia 76ers,2019-02-08,117
1634,Golden State Warriors,2019-02-08,117
1635,Phoenix Suns,2019-02-08,107
1636,Chicago Bulls,2019-02-08,125
1637,Brooklyn Nets,2019-02-08,106
1638,New York Knicks,2019-02-08,103
1639,Detroit Pistons,2019-02-08,120
1640,Dallas Mavericks,2019-02-08,107
1641,Milwaukee Bucks,2019-02-08,122
1642,Miami Heat,2019-02-08,96
1643,Sacramento Kings,2019-02-08,102
1644,Washington Wizards,2019-02-08,119
1645,Cleveland Cavaliers,2019-02-08,106
1646,New Orleans Pelicans,2019-02-08,122
1647,Minnesota Timberwolves,2019-02-08,117
1648,Washington Wizards,2019-02-09,134
1649,Chicago Bulls,2019-02-09,125
1650,Toronto Raptors,2019-02-09,104
1651,New York Knicks,2019-02-09,99
1652,Boston Celtics,2019-02-09,112
1653,LA Clippers,2019-02-09,123
1654,Oklahoma City Thunder,2019-02-09,117
1655,Houston Rockets,2019-02-09,112
1656,Indiana Pacers,2019-02-09,105
1657,Cleveland Cavaliers,2019-02-09,90
1658,San Antonio Spurs,2019-02-09,105
1659,Utah Jazz,2019-02-09,125
1660,Atlanta Hawks,2019-02-09,120
1661,Charlotte Hornets,2019-02-09,129
1662,Milwaukee Bucks,2019-02-09,83
1663,Orlando Magic,2019-02-09,103
1664,Memphis Grizzlies,2019-02-09,99
1665,New Orleans Pelicans,2019-02-09,90
1666,Philadelphia 76ers,2019-02-10,143
1667,Los Angeles Lakers,2019-02-10,120
1668,Golden State Warriors,2019-02-10,120
1669,Miami Heat,2019-02-10,118
1670,Atlanta Hawks,2019-02-10,108
1671,Orlando Magic,2019-02-10,124
1672,Dallas Mavericks,2019-02-10,102
1673,Portland Trail Blazers,2019-02-10,101
1674,Sacramento Kings,2019-02-10,117
1675,Phoenix Suns,2019-02-10,104
1676,Milwaukee Bucks,2019-02-11,112
1677,Chicago Bulls,2019-02-11,99
1678,Cleveland Cavaliers,2019-02-11,107
1679,New York Knicks,2019-02-11,104
1680,Dallas Mavericks,2019-02-11,104
1681,Houston Rockets,2019-02-11,120
1682,Detroit Pistons,2019-02-11,121
1683,Washington Wizards,2019-02-11,112
1684,Charlotte Hornets,2019-02-11,90
1685,Indiana Pacers,2019-02-11,99
1686,Miami Heat,2019-02-11,87
1687,Denver Nuggets,2019-02-11,103
1688,Minnesota Timberwolves,2019-02-11,130
1689,LA Clippers,2019-02-11,120
1690,Toronto Raptors,2019-02-11,127
1691,Brooklyn Nets,2019-02-11,125
1692,Portland Trail Blazers,2019-02-11,111
1693,Oklahoma City Thunder,2019-02-11,120
1694,Boston Celtics,2019-02-12,112
1695,Philadelphia 76ers,2019-02-12,109
1696,Utah Jazz,2019-02-12,108
1697,Golden State Warriors,2019-02-12,115
1698,Los Angeles Lakers,2019-02-12,113
1699,Atlanta Hawks,2019-02-12,117
1700,Memphis Grizzlies,2019-02-12,107
1701,San Antonio Spurs,2019-02-12,108
1702,New Orleans Pelicans,2019-02-12,88
1703,Orlando Magic,2019-02-12,118
1704,Chicago Bulls,2019-02-13,122
1705,Memphis Grizzlies,2019-02-13,110
1706,New York Knicks,2019-02-13,111
1707,Philadelphia 76ers,2019-02-13,126
1708,Boston Celtics,2019-02-13,118
1709,Detroit Pistons,2019-02-13,110
1710,Brooklyn Nets,2019-02-13,148
1711,Cleveland Cavaliers,2019-02-13,139
1712,Phoenix Suns,2019-02-13,107
1713,LA Clippers,2019-02-13,134
1714,Portland Trail Blazers,2019-02-13,129
1715,Golden State Warriors,2019-02-13,107
1716,Milwaukee Bucks,2019-02-13,106
1717,Indiana Pacers,2019-02-13,97
1718,Miami Heat,2019-02-13,112
1719,Dallas Mavericks,2019-02-13,101
1720,Minnesota Timberwolves,2019-02-13,121
1721,Houston Rockets,2019-02-13,111
1722,Sacramento Kings,2019-02-13,118
1723,Denver Nuggets,2019-02-13,120
1724,Washington Wizards,2019-02-13,120
1725,Toronto Raptors,2019-02-13,129
1726,Orlando Magic,2019-02-14,127
1727,Charlotte Hornets,2019-02-14,89
1728,New York Knicks,2019-02-14,106
1729,Atlanta Hawks,2019-02-14,91
1730,Oklahoma City Thunder,2019-02-14,122
1731,New Orleans Pelicans,2019-02-14,131
1732,Philadelphia 76ers,2019-02-21,106
1733,Miami Heat,2019-02-21,102
1734,Golden State Warriors,2019-02-21,125
1735,Sacramento Kings,2019-02-21,123
1736,Los Angeles Lakers,2019-02-21,111
1737,Houston Rockets,2019-02-21,106
1738,Cleveland Cavaliers,2019-02-21,111
1739,Phoenix Suns,2019-02-21,98
1740,Brooklyn Nets,2019-02-21,99
1741,Portland Trail Blazers,2019-02-21,113
1742,Boston Celtics,2019-02-21,97
1743,Milwaukee Bucks,2019-02-21,98
1744,Minnesota Timberwolves,2019-02-22,115
1745,New York Knicks,2019-02-22,104
1746,Chicago Bulls,2019-02-22,110
1747,Orlando Magic,2019-02-22,109
1748,Indiana Pacers,2019-02-22,126
1749,New Orleans Pelicans,2019-02-22,111
1750,Detroit Pistons,2019-02-22,125
1751,Atlanta Hawks,2019-02-22,122
1752,Denver Nuggets,2019-02-22,114
1753,Dallas Mavericks,2019-02-22,104
1754,Charlotte Hornets,2019-02-22,123
1755,Washington Wizards,2019-02-22,110
1756,Memphis Grizzlies,2019-02-22,106
1757,LA Clippers,2019-02-22,112
1758,Toronto Raptors,2019-02-22,120
1759,San Antonio Spurs,2019-02-22,117
1760,Utah Jazz,2019-02-22,147
1761,Oklahoma City Thunder,2019-02-22,148
1762,Portland Trail Blazers,2019-02-23,130
1763,Philadelphia 76ers,2019-02-23,115
1764,Houston Rockets,2019-02-23,118
1765,Golden State Warriors,2019-02-23,112
1766,Boston Celtics,2019-02-23,116
1767,Chicago Bulls,2019-02-23,126
1768,Cleveland Cavaliers,2019-02-23,112
1769,Memphis Grizzlies,2019-02-23,107
1770,Detroit Pistons,2019-02-23,119
1771,Miami Heat,2019-02-23,96
1772,Atlanta Hawks,2019-02-23,120
1773,Phoenix Suns,2019-02-23,112
1774,Utah Jazz,2019-02-23,125
1775,Dallas Mavericks,2019-02-23,109
1776,Minnesota Timberwolves,2019-02-23,128
1777,Milwaukee Bucks,2019-02-23,140
1778,Charlotte Hornets,2019-02-23,115
1779,Brooklyn Nets,2019-02-23,117
1780,Washington Wizards,2019-02-23,112
1781,Indiana Pacers,2019-02-23,119
1782,Oklahoma City Thunder,2019-02-23,116
1783,Sacramento Kings,2019-02-23,119
1784,New Orleans Pelicans,2019-02-23,128
1785,Los Angeles Lakers,2019-02-23,115
1786,San Antonio Spurs,2019-02-24,118
1787,New York Knicks,2019-02-24,130
1788,LA Clippers,2019-02-24,96
1789,Denver Nuggets,2019-02-24,123
1790,Toronto Raptors,2019-02-24,98
1791,Orlando Magic,2019-02-24,113
1792,Milwaukee Bucks,2019-02-25,117
1793,Chicago Bulls,2019-02-25,106
1794,Brooklyn Nets,2019-02-25,101
1795,San Antonio Spurs,2019-02-25,85
1796,Cleveland Cavaliers,2019-02-25,110
1797,Portland Trail Blazers,2019-02-25,123
1798,Atlanta Hawks,2019-02-25,111
1799,Houston Rockets,2019-02-25,119
1800,Miami Heat,2019-02-25,121
1801,Phoenix Suns,2019-02-25,124
1802,Dallas Mavericks,2019-02-25,112
1803,LA Clippers,2019-02-25,121
1804,Indiana Pacers,2019-02-25,109
1805,Detroit Pistons,2019-02-25,113
1806,Golden State Warriors,2019-02-25,121
1807,Charlotte Hornets,2019-02-25,110
1808,Minnesota Timberwolves,2019-02-25,112
1809,Sacramento Kings,2019-02-25,105
1810,Los Angeles Lakers,2019-02-25,105
1811,Memphis Grizzlies,2019-02-25,110
1812,New Orleans Pelicans,2019-02-25,110
1813,Philadelphia 76ers,2019-02-25,111
1814,New York Knicks,2019-02-26,108
1815,Orlando Magic,2019-02-26,103
1816,Oklahoma City Thunder,2019-02-26,112
1817,Denver Nuggets,2019-02-26,121
1818,Boston Celtics,2019-02-26,95
1819,Toronto Raptors,2019-02-26,118
1820,San Antonio Spurs,2019-02-27,105
1821,Detroit Pistons,2019-02-27,93
1822,New Orleans Pelicans,2019-02-27,119
1823,Los Angeles Lakers,2019-02-27,125
1824,Boston Celtics,2019-02-27,92
1825,Portland Trail Blazers,2019-02-27,97
1826,Washington Wizards,2019-02-27,125
1827,Brooklyn Nets,2019-02-27,116
1828,Golden State Warriors,2019-02-27,125
1829,Miami Heat,2019-02-27,126
1830,Atlanta Hawks,2019-02-27,131
1831,Minnesota Timberwolves,2019-02-27,123
1832,Utah Jazz,2019-02-27,111
1833,LA Clippers,2019-02-27,105
1834,Dallas Mavericks,2019-02-27,110
1835,Indiana Pacers,2019-02-27,101
1836,Sacramento Kings,2019-02-27,140
1837,Milwaukee Bucks,2019-02-27,141
1838,Charlotte Hornets,2019-02-27,113
1839,Houston Rockets,2019-02-27,118
1840,Memphis Grizzlies,2019-02-27,107
1841,Chicago Bulls,2019-02-27,109
1842,New York Knicks,2019-02-28,118
1843,Cleveland Cavaliers,2019-02-28,125
1844,Houston Rockets,2019-02-28,121
1845,Miami Heat,2019-02-28,118
1846,Orlando Magic,2019-02-28,103
1847,Golden State Warriors,2019-02-28,96
1848,Indiana Pacers,2019-02-28,122
1849,Minnesota Timberwolves,2019-02-28,115
1850,Denver Nuggets,2019-02-28,104
1851,Utah Jazz,2019-02-28,111
1852,Oklahoma City Thunder,2019-02-28,104
1853,Philadelphia 76ers,2019-02-28,108
1854,Los Angeles Lakers,2019-03-01,120
1855,Milwaukee Bucks,2019-03-01,131
1856,New Orleans Pelicans,2019-03-01,130
1857,Phoenix Suns,2019-03-01,116
1858,Boston Celtics,2019-03-01,107
1859,Washington Wizards,2019-03-01,96
1860,Brooklyn Nets,2019-03-01,112
1861,Charlotte Hornets,2019-03-01,123
1862,Chicago Bulls,2019-03-01,168
1863,Atlanta Hawks,2019-03-01,161
1864,LA Clippers,2019-03-01,116
1865,Sacramento Kings,2019-03-01,109
1866,Portland Trail Blazers,2019-03-01,117
1867,Toronto Raptors,2019-03-01,119
1868,Philadelphia 76ers,2019-03-02,117
1869,Golden State Warriors,2019-03-02,120
1870,Oklahoma City Thunder,2019-03-02,102
1871,San Antonio Spurs,2019-03-02,116
1872,Los Angeles Lakers,2019-03-02,109
1873,Phoenix Suns,2019-03-02,118
1874,Detroit Pistons,2019-03-02,129
1875,Cleveland Cavaliers,2019-03-02,93
1876,Miami Heat,2019-03-02,117
1877,Brooklyn Nets,2019-03-02,88
1878,Indiana Pacers,2019-03-02,112
1879,Orlando Magic,2019-03-02,117
1880,Utah Jazz,2019-03-02,115
1881,Milwaukee Bucks,2019-03-02,111
1882,Memphis Grizzlies,2019-03-02,111
1883,Dallas Mavericks,2019-03-02,81
1884,Denver Nuggets,2019-03-02,112
1885,New Orleans Pelicans,2019-03-02,120
1886,Atlanta Hawks,2019-03-03,123
1887,Chicago Bulls,2019-03-03,118
1888,Boston Celtics,2019-03-03,104
1889,Houston Rockets,2019-03-03,115
1890,Orlando Magic,2019-03-03,93
1891,Cleveland Cavaliers,2019-03-03,107
1892,LA Clippers,2019-03-03,128
1893,New York Knicks,2019-03-03,107
1894,Detroit Pistons,2019-03-03,112
1895,Toronto Raptors,2019-03-03,107
1896,Portland Trail Blazers,2019-03-03,118
1897,Charlotte Hornets,2019-03-03,108
1898,Minnesota Timberwolves,2019-03-03,121
1899,Washington Wizards,2019-03-03,135
1900,Oklahoma City Thunder,2019-03-03,99
1901,Memphis Grizzlies,2019-03-03,95
1902,San Antonio Spurs,2019-03-04,104
1903,Denver Nuggets,2019-03-04,103
1904,LA Clippers,2019-03-04,113
1905,Los Angeles Lakers,2019-03-04,105
1906,Milwaukee Bucks,2019-03-04,105
1907,Phoenix Suns,2019-03-04,114
1908,Dallas Mavericks,2019-03-04,88
1909,Brooklyn Nets,2019-03-04,127
1910,Atlanta Hawks,2019-03-04,113
1911,Miami Heat,2019-03-04,114
1912,Utah Jazz,2019-03-04,112
1913,New Orleans Pelicans,2019-03-04,115
1914,New York Knicks,2019-03-04,108
1915,Sacramento Kings,2019-03-04,115
1916,Philadelphia 76ers,2019-03-05,114
1917,Orlando Magic,2019-03-05,106
1918,Boston Celtics,2019-03-05,128
1919,Golden State Warriors,2019-03-05,95
1920,Chicago Bulls,2019-03-05,96
1921,Indiana Pacers,2019-03-05,105
1922,Oklahoma City Thunder,2019-03-05,120
1923,Minnesota Timberwolves,2019-03-05,131
1924,Houston Rockets,2019-03-05,107
1925,Toronto Raptors,2019-03-05,95
1926,Portland Trail Blazers,2019-03-05,111
1927,Memphis Grizzlies,2019-03-05,120
1928,Denver Nuggets,2019-03-06,115
1929,Los Angeles Lakers,2019-03-06,99
1930,Chicago Bulls,2019-03-06,108
1931,Philadelphia 76ers,2019-03-06,107
1932,Phoenix Suns,2019-03-06,107
1933,New York Knicks,2019-03-06,96
1934,Brooklyn Nets,2019-03-06,113
1935,Cleveland Cavaliers,2019-03-06,107
1936,Detroit Pistons,2019-03-06,131
1937,Minnesota Timberwolves,2019-03-06,114
1938,San Antonio Spurs,2019-03-06,111
1939,Atlanta Hawks,2019-03-06,104
1940,Sacramento Kings,2019-03-06,109
1941,Boston Celtics,2019-03-06,111
1942,Charlotte Hornets,2019-03-06,84
1943,Miami Heat,2019-03-06,91
1944,Washington Wizards,2019-03-06,132
1945,Dallas Mavericks,2019-03-06,123
1946,New Orleans Pelicans,2019-03-06,104
1947,Utah Jazz,2019-03-06,114
1948,Portland Trail Blazers,2019-03-07,121
1949,Oklahoma City Thunder,2019-03-07,129
1950,Indiana Pacers,2019-03-07,98
1951,Milwaukee Bucks,2019-03-07,117
1952,Denver Nuggets,2019-03-08,105
1953,Golden State Warriors,2019-03-08,122
1954,Chicago Bulls,2019-03-08,104
1955,Detroit Pistons,2019-03-08,112
1956,Houston Rockets,2019-03-08,107
1957,Philadelphia 76ers,2019-03-08,91
1958,Orlando Magic,2019-03-08,111
1959,Dallas Mavericks,2019-03-08,106
1960,Oklahoma City Thunder,2019-03-08,110
1961,LA Clippers,2019-03-08,118
1962,Cleveland Cavaliers,2019-03-08,110
1963,Miami Heat,2019-03-08,126
1964,Washington Wizards,2019-03-08,111
1965,Charlotte Hornets,2019-03-08,112
1966,Utah Jazz,2019-03-08,104
1967,Memphis Grizzlies,2019-03-08,114
1968,Toronto Raptors,2019-03-08,127
1969,New Orleans Pelicans,2019-03-08,104
1970,Boston Celtics,2019-03-09,120
1971,Los Angeles Lakers,2019-03-09,107
1972,New York Knicks,2019-03-09,94
1973,Sacramento Kings,2019-03-09,102
1974,Portland Trail Blazers,2019-03-09,127
1975,Phoenix Suns,2019-03-09,120
1976,Brooklyn Nets,2019-03-09,114
1977,Atlanta Hawks,2019-03-09,112
1978,Milwaukee Bucks,2019-03-09,131
1979,Charlotte Hornets,2019-03-09,114
1980,Minnesota Timberwolves,2019-03-09,135
1981,Washington Wizards,2019-03-09,130
1982,Indiana Pacers,2019-03-10,89
1983,Philadelphia 76ers,2019-03-10,106
1984,Phoenix Suns,2019-03-10,115
1985,Golden State Warriors,2019-03-10,111
1986,San Antonio Spurs,2019-03-10,121
1987,Milwaukee Bucks,2019-03-10,114
1988,Miami Heat,2019-03-10,104
1989,Toronto Raptors,2019-03-10,125
1990,Chicago Bulls,2019-03-10,108
1991,Detroit Pistons,2019-03-10,131
1992,New Orleans Pelicans,2019-03-10,116
1993,Atlanta Hawks,2019-03-10,128
1994,Houston Rockets,2019-03-10,94
1995,Dallas Mavericks,2019-03-10,93
1996,Minnesota Timberwolves,2019-03-10,103
1997,New York Knicks,2019-03-10,92
1998,Orlando Magic,2019-03-10,97
1999,Memphis Grizzlies,2019-03-10,105
2000,Detroit Pistons,2019-03-11,75
2001,Brooklyn Nets,2019-03-11,103
2002,Toronto Raptors,2019-03-11,101
2003,Cleveland Cavaliers,2019-03-11,126
2004,Charlotte Hornets,2019-03-11,106
2005,Houston Rockets,2019-03-11,118
2006,Boston Celtics,2019-03-11,115
2007,LA Clippers,2019-03-11,140
2008,Oklahoma City Thunder,2019-03-11,98
2009,Utah Jazz,2019-03-11,89
2010,Washington Wizards,2019-03-11,121
2011,Sacramento Kings,2019-03-11,115
2012,Philadelphia 76ers,2019-03-12,106
2013,Cleveland Cavaliers,2019-03-12,99
2014,Chicago Bulls,2019-03-12,107
2015,Los Angeles Lakers,2019-03-12,123
2016,LA Clippers,2019-03-12,104
2017,Portland Trail Blazers,2019-03-12,125
2018,Indiana Pacers,2019-03-12,103
2019,New York Knicks,2019-03-12,98
2020,San Antonio Spurs,2019-03-12,112
2021,Dallas Mavericks,2019-03-12,105
2022,Minnesota Timberwolves,2019-03-12,107
2023,Denver Nuggets,2019-03-12,133
2024,Milwaukee Bucks,2019-03-12,130
2025,New Orleans Pelicans,2019-03-12,113
2026,Phoenix Suns,2019-03-13,97
2027,Utah Jazz,2019-03-13,114
2028,Houston Rockets,2019-03-13,104
2029,Golden State Warriors,2019-03-13,106
2030,Miami Heat,2019-03-13,108
2031,Detroit Pistons,2019-03-13,74
2032,Atlanta Hawks,2019-03-13,132
2033,Memphis Grizzlies,2019-03-13,111
2034,Orlando Magic,2019-03-13,90
2035,Washington Wizards,2019-03-13,100
2036,Brooklyn Nets,2019-03-13,96
2037,Oklahoma City Thunder,2019-03-13,108
2038,Sacramento Kings,2019-03-14,120
2039,Boston Celtics,2019-03-14,126
2040,Cleveland Cavaliers,2019-03-14,91
2041,Orlando Magic,2019-03-14,120
2042,Indiana Pacers,2019-03-14,108
2043,Oklahoma City Thunder,2019-03-14,106
2044,Minnesota Timberwolves,2019-03-14,100
2045,Utah Jazz,2019-03-14,120
2046,Denver Nuggets,2019-03-14,100
2047,Dallas Mavericks,2019-03-14,99
2048,Los Angeles Lakers,2019-03-14,98
2049,Toronto Raptors,2019-03-14,111
2050,Sacramento Kings,2019-03-15,114
2051,Philadelphia 76ers,2019-03-15,123
2052,New York Knicks,2019-03-15,83
2053,San Antonio Spurs,2019-03-15,109
2054,Phoenix Suns,2019-03-15,102
2055,Houston Rockets,2019-03-15,108
2056,Chicago Bulls,2019-03-15,121
2057,LA Clippers,2019-03-15,128
2058,Miami Heat,2019-03-15,98
2059,Milwaukee Bucks,2019-03-15,113
2060,Detroit Pistons,2019-03-15,111
2061,Los Angeles Lakers,2019-03-15,97
2062,Charlotte Hornets,2019-03-15,116
2063,Washington Wizards,2019-03-15,110
2064,New Orleans Pelicans,2019-03-15,110
2065,Portland Trail Blazers,2019-03-15,122
2066,San Antonio Spurs,2019-03-16,108
2067,Portland Trail Blazers,2019-03-16,103
2068,Boston Celtics,2019-03-16,129
2069,Atlanta Hawks,2019-03-16,120
2070,Utah Jazz,2019-03-16,114
2071,Brooklyn Nets,2019-03-16,98
2072,Cleveland Cavaliers,2019-03-16,116
2073,Dallas Mavericks,2019-03-16,121
2074,Denver Nuggets,2019-03-16,102
2075,Indiana Pacers,2019-03-16,100
2076,Washington Wizards,2019-03-16,135
2077,Memphis Grizzlies,2019-03-16,128
2078,Oklahoma City Thunder,2019-03-16,88
2079,Golden State Warriors,2019-03-16,110
2080,New Orleans Pelicans,2019-03-16,136
2081,Phoenix Suns,2019-03-16,138
2082,New York Knicks,2019-03-17,124
2083,Los Angeles Lakers,2019-03-17,123
2084,Minnesota Timberwolves,2019-03-17,102
2085,Houston Rockets,2019-03-17,117
2086,Atlanta Hawks,2019-03-17,91
2087,Orlando Magic,2019-03-17,101
2088,Charlotte Hornets,2019-03-17,75
2089,Miami Heat,2019-03-17,93
2090,LA Clippers,2019-03-17,119
2091,Brooklyn Nets,2019-03-17,116
2092,Detroit Pistons,2019-03-17,110
2093,Toronto Raptors,2019-03-17,107
2094,Philadelphia 76ers,2019-03-17,130
2095,Milwaukee Bucks,2019-03-17,125
2096,Sacramento Kings,2019-03-17,129
2097,Chicago Bulls,2019-03-17,102
2098,Golden State Warriors,2019-03-18,105
2099,San Antonio Spurs,2019-03-18,111
2100,Denver Nuggets,2019-03-18,114
2101,Boston Celtics,2019-03-18,105
2102,Chicago Bulls,2019-03-18,116
2103,Phoenix Suns,2019-03-18,101
2104,Cleveland Cavaliers,2019-03-18,126
2105,Detroit Pistons,2019-03-18,119
2106,Indiana Pacers,2019-03-18,98
2107,Portland Trail Blazers,2019-03-18,106
2108,Dallas Mavericks,2019-03-18,125
2109,New Orleans Pelicans,2019-03-18,129
2110,Washington Wizards,2019-03-18,95
2111,Utah Jazz,2019-03-18,116
2112,New York Knicks,2019-03-18,92
2113,Toronto Raptors,2019-03-18,128
2114,Oklahoma City Thunder,2019-03-18,107
2115,Miami Heat,2019-03-18,116
2116,Indiana Pacers,2019-03-19,109
2117,LA Clippers,2019-03-19,115
2118,Houston Rockets,2019-03-19,121
2119,Atlanta Hawks,2019-03-19,105
2120,Milwaukee Bucks,2019-03-19,115
2121,Los Angeles Lakers,2019-03-19,101
2122,Sacramento Kings,2019-03-19,121
2123,Brooklyn Nets,2019-03-19,123
2124,Minnesota Timberwolves,2019-03-19,107
2125,Golden State Warriors,2019-03-19,117
2126,Charlotte Hornets,2019-03-19,114
2127,Philadelphia 76ers,2019-03-19,118
2128,Philadelphia 76ers,2019-03-20,118
2129,Boston Celtics,2019-03-20,115
2130,Miami Heat,2019-03-20,110
2131,San Antonio Spurs,2019-03-20,105
2132,Washington Wizards,2019-03-20,120
2133,Chicago Bulls,2019-03-20,126
2134,Utah Jazz,2019-03-20,137
2135,New York Knicks,2019-03-20,116
2136,Milwaukee Bucks,2019-03-20,102
2137,Cleveland Cavaliers,2019-03-20,107
2138,Orlando Magic,2019-03-20,119
2139,New Orleans Pelicans,2019-03-20,96
2140,Portland Trail Blazers,2019-03-20,126
2141,Dallas Mavericks,2019-03-20,118
2142,Memphis Grizzlies,2019-03-20,126
2143,Houston Rockets,2019-03-20,125
2144,Toronto Raptors,2019-03-20,123
2145,Oklahoma City Thunder,2019-03-20,114
2146,Indiana Pacers,2019-03-21,89
2147,Golden State Warriors,2019-03-21,112
2148,Phoenix Suns,2019-03-21,98
2149,Detroit Pistons,2019-03-21,118
2150,Utah Jazz,2019-03-21,114
2151,Atlanta Hawks,2019-03-21,117
2152,Sacramento Kings,2019-03-21,116
2153,Dallas Mavericks,2019-03-21,100
2154,Charlotte Hornets,2019-03-21,113
2155,Minnesota Timberwolves,2019-03-21,106
2156,Washington Wizards,2019-03-21,108
2157,Denver Nuggets,2019-03-21,113
2158,Brooklyn Nets,2019-03-22,111
2159,Los Angeles Lakers,2019-03-22,106
2160,New York Knicks,2019-03-22,93
2161,Denver Nuggets,2019-03-22,111
2162,Cleveland Cavaliers,2019-03-22,108
2163,LA Clippers,2019-03-22,110
2164,San Antonio Spurs,2019-03-22,105
2165,Houston Rockets,2019-03-22,111
2166,Memphis Grizzlies,2019-03-22,119
2167,Orlando Magic,2019-03-22,123
2168,Miami Heat,2019-03-22,87
2169,Milwaukee Bucks,2019-03-22,116
2170,Oklahoma City Thunder,2019-03-22,116
2171,Toronto Raptors,2019-03-22,109
2172,Golden State Warriors,2019-03-23,91
2173,Dallas Mavericks,2019-03-23,126
2174,Chicago Bulls,2019-03-23,83
2175,Utah Jazz,2019-03-23,114
2176,Detroit Pistons,2019-03-23,112
2177,Portland Trail Blazers,2019-03-23,117
2178,Atlanta Hawks,2019-03-23,129
2179,Philadelphia 76ers,2019-03-23,127
2180,Phoenix Suns,2019-03-23,103
2181,Sacramento Kings,2019-03-23,112
2182,Boston Celtics,2019-03-23,117
2183,Charlotte Hornets,2019-03-23,124
2184,Miami Heat,2019-03-23,113
2185,Washington Wizards,2019-03-23,108
2186,Memphis Grizzlies,2019-03-23,99
2187,Minnesota Timberwolves,2019-03-23,112
2188,Golden State Warriors,2019-03-24,121
2189,Detroit Pistons,2019-03-24,114
2190,Los Angeles Lakers,2019-03-24,111
2191,Sacramento Kings,2019-03-24,106
2192,New York Knicks,2019-03-24,113
2193,LA Clippers,2019-03-24,124
2194,San Antonio Spurs,2019-03-24,115
2195,Boston Celtics,2019-03-24,96
2196,Denver Nuggets,2019-03-24,88
2197,Indiana Pacers,2019-03-24,124
2198,Cleveland Cavaliers,2019-03-24,105
2199,Milwaukee Bucks,2019-03-24,127
2200,Toronto Raptors,2019-03-24,114
2201,Charlotte Hornets,2019-03-24,115
2202,New Orleans Pelicans,2019-03-24,90
2203,Houston Rockets,2019-03-24,113
2204,Orlando Magic,2019-03-25,119
2205,Philadelphia 76ers,2019-03-25,98
2206,Brooklyn Nets,2019-03-25,144
2207,Portland Trail Blazers,2019-03-25,148
2208,Phoenix Suns,2019-03-25,92
2209,Utah Jazz,2019-03-25,125
2210,Oklahoma City Thunder,2019-03-25,103
2211,Memphis Grizzlies,2019-03-25,115
2212,Washington Wizards,2019-03-26,106
2213,Los Angeles Lakers,2019-03-26,124
2214,Cleveland Cavaliers,2019-03-26,106
2215,Boston Celtics,2019-03-26,116
2216,Orlando Magic,2019-03-26,104
2217,Miami Heat,2019-03-26,99
2218,Sacramento Kings,2019-03-26,125
2219,Dallas Mavericks,2019-03-26,121
2220,Milwaukee Bucks,2019-03-26,108
2221,Houston Rockets,2019-03-26,94
2222,Detroit Pistons,2019-03-26,92
2223,Denver Nuggets,2019-03-26,95
2224,Minnesota Timberwolves,2019-03-26,111
2225,LA Clippers,2019-03-26,122
2226,San Antonio Spurs,2019-03-26,116
2227,Charlotte Hornets,2019-03-26,125
2228,Chicago Bulls,2019-03-26,103
2229,Toronto Raptors,2019-03-26,112
2230,Atlanta Hawks,2019-03-26,130
2231,New Orleans Pelicans,2019-03-26,120
2232,Portland Trail Blazers,2019-03-27,118
2233,Chicago Bulls,2019-03-27,98
2234,Washington Wizards,2019-03-27,124
2235,Phoenix Suns,2019-03-27,121
2236,Utah Jazz,2019-03-27,115
2237,Los Angeles Lakers,2019-03-27,100
2238,Memphis Grizzlies,2019-03-27,103
2239,Golden State Warriors,2019-03-27,118
2240,Oklahoma City Thunder,2019-03-27,107
2241,Indiana Pacers,2019-03-27,99
2242,Brooklyn Nets,2019-03-28,110
2243,Philadelphia 76ers,2019-03-28,123
2244,San Antonio Spurs,2019-03-28,116
2245,Cleveland Cavaliers,2019-03-28,110
2246,New York Knicks,2019-03-28,92
2247,Toronto Raptors,2019-03-28,117
2248,Denver Nuggets,2019-03-28,85
2249,Houston Rockets,2019-03-28,112
2250,Miami Heat,2019-03-28,105
2251,Dallas Mavericks,2019-03-28,99
2252,Detroit Pistons,2019-03-28,115
2253,Orlando Magic,2019-03-28,98
2254,LA Clippers,2019-03-28,118
2255,Milwaukee Bucks,2019-03-28,128
2256,Sacramento Kings,2019-03-28,118
2257,New Orleans Pelicans,2019-03-28,121
2258,Los Angeles Lakers,2019-03-29,129
2259,Charlotte Hornets,2019-03-29,115
2260,Indiana Pacers,2019-03-29,112
2261,Boston Celtics,2019-03-29,114
2262,Portland Trail Blazers,2019-03-29,118
2263,Atlanta Hawks,2019-03-29,98
2264,Washington Wizards,2019-03-29,124
2265,Utah Jazz,2019-03-29,128
2266,Golden State Warriors,2019-03-29,130
2267,Minnesota Timberwolves,2019-03-29,131
2268,Denver Nuggets,2019-03-29,115
2269,Oklahoma City Thunder,2019-03-29,105
2270,Chicago Bulls,2019-03-30,101
2271,Toronto Raptors,2019-03-30,124
2272,Miami Heat,2019-03-30,100
2273,New York Knicks,2019-03-30,92
2274,Phoenix Suns,2019-03-30,115
2275,Memphis Grizzlies,2019-03-30,120
2276,Boston Celtics,2019-03-30,96
2277,Brooklyn Nets,2019-03-30,110
2278,Houston Rockets,2019-03-30,119
2279,Sacramento Kings,2019-03-30,108
2280,Cleveland Cavaliers,2019-03-30,108
2281,LA Clippers,2019-03-30,132
2282,Detroit Pistons,2019-03-30,99
2283,Portland Trail Blazers,2019-03-30,90
2284,Indiana Pacers,2019-03-30,116
2285,Orlando Magic,2019-03-30,121
2286,Philadelphia 76ers,2019-03-30,118
2287,Minnesota Timberwolves,2019-03-30,109
2288,Golden State Warriors,2019-03-31,137
2289,Charlotte Hornets,2019-03-31,90
2290,Sacramento Kings,2019-03-31,113
2291,San Antonio Spurs,2019-03-31,106
2292,Memphis Grizzlies,2019-03-31,96
2293,LA Clippers,2019-03-31,113
2294,Atlanta Hawks,2019-03-31,136
2295,Milwaukee Bucks,2019-03-31,135
2296,Washington Wizards,2019-03-31,95
2297,Denver Nuggets,2019-03-31,90
2298,Dallas Mavericks,2019-03-31,106
2299,Oklahoma City Thunder,2019-03-31,103
2300,Los Angeles Lakers,2019-03-31,130
2301,New Orleans Pelicans,2019-03-31,102
2302,Chicago Bulls,2019-04-01,105
2303,New York Knicks,2019-04-01,113
2304,Cleveland Cavaliers,2019-04-01,113
2305,Phoenix Suns,2019-04-01,122
2306,Boston Celtics,2019-04-01,110
2307,Miami Heat,2019-04-01,105
2308,Brooklyn Nets,2019-04-01,121
2309,Milwaukee Bucks,2019-04-01,131
2310,Detroit Pistons,2019-04-01,102
2311,Indiana Pacers,2019-04-01,111
2312,Charlotte Hornets,2019-04-01,102
2313,Utah Jazz,2019-04-01,111
2314,Dallas Mavericks,2019-04-01,122
2315,Philadelphia 76ers,2019-04-01,102
2316,Minnesota Timberwolves,2019-04-01,122
2317,Portland Trail Blazers,2019-04-01,132
2318,Orlando Magic,2019-04-01,109
2319,Toronto Raptors,2019-04-01,121
2320,Golden State Warriors,2019-04-02,116
2321,Denver Nuggets,2019-04-02,102
2322,Atlanta Hawks,2019-04-02,111
2323,San Antonio Spurs,2019-04-02,117
2324,Sacramento Kings,2019-04-02,105
2325,Houston Rockets,2019-04-02,130
2326,Los Angeles Lakers,2019-04-02,103
2327,Oklahoma City Thunder,2019-04-02,119
2328,Phoenix Suns,2019-04-03,97
2329,Utah Jazz,2019-04-03,118
2330,Brooklyn Nets,2019-04-03,105
2331,Toronto Raptors,2019-04-03,115
2332,New York Knicks,2019-04-03,100
2333,Orlando Magic,2019-04-03,114
2334,LA Clippers,2019-04-03,103
2335,Houston Rockets,2019-04-03,135
2336,Miami Heat,2019-04-03,102
2337,Boston Celtics,2019-04-03,112
2338,Indiana Pacers,2019-04-03,108
2339,Detroit Pistons,2019-04-03,89
2340,Memphis Grizzlies,2019-04-03,89
2341,Portland Trail Blazers,2019-04-03,116
2342,Philadelphia 76ers,2019-04-03,122
2343,Atlanta Hawks,2019-04-03,130
2344,Minnesota Timberwolves,2019-04-03,110
2345,Dallas Mavericks,2019-04-03,108
2346,Denver Nuggets,2019-04-03,113
2347,San Antonio Spurs,2019-04-03,85
2348,Chicago Bulls,2019-04-03,115
2349,Washington Wizards,2019-04-03,114
2350,New Orleans Pelicans,2019-04-03,109
2351,Charlotte Hornets,2019-04-03,115
2352,Milwaukee Bucks,2019-04-04,128
2353,Philadelphia 76ers,2019-04-04,122
2354,Golden State Warriors,2019-04-04,108
2355,Los Angeles Lakers,2019-04-04,90
2356,Cleveland Cavaliers,2019-04-04,104
2357,Sacramento Kings,2019-04-04,117
2358,Cleveland Cavaliers,2019-04-05,114
2359,Golden State Warriors,2019-04-05,120
2360,New York Knicks,2019-04-05,96
2361,Houston Rockets,2019-04-05,120
2362,Orlando Magic,2019-04-05,149
2363,Atlanta Hawks,2019-04-05,113
2364,LA Clippers,2019-04-05,117
2365,Los Angeles Lakers,2019-04-05,122
2366,Indiana Pacers,2019-04-05,97
2367,Boston Celtics,2019-04-05,117
2368,Sacramento Kings,2019-04-05,98
2369,Utah Jazz,2019-04-05,119
2370,Memphis Grizzlies,2019-04-05,122
2371,Dallas Mavericks,2019-04-05,112
2372,Minnesota Timberwolves,2019-04-05,111
2373,Miami Heat,2019-04-05,109
2374,Portland Trail Blazers,2019-04-05,110
2375,Denver Nuggets,2019-04-05,119
2376,Charlotte Hornets,2019-04-05,113
2377,Toronto Raptors,2019-04-05,111
2378,Washington Wizards,2019-04-05,112
2379,San Antonio Spurs,2019-04-05,129
2380,Detroit Pistons,2019-04-05,110
2381,Oklahoma City Thunder,2019-04-05,123
2382,New Orleans Pelicans,2019-04-05,126
2383,Phoenix Suns,2019-04-05,133
2384,Chicago Bulls,2019-04-06,96
2385,Philadelphia 76ers,2019-04-06,116
2386,Milwaukee Bucks,2019-04-06,128
2387,Brooklyn Nets,2019-04-06,133
2388,Milwaukee Bucks,2019-04-07,115
2389,Atlanta Hawks,2019-04-07,107
2390,Golden State Warriors,2019-04-07,131
2391,LA Clippers,2019-04-07,104
2392,Los Angeles Lakers,2019-04-07,113
2393,Utah Jazz,2019-04-07,109
2394,Washington Wizards,2019-04-07,110
2395,New York Knicks,2019-04-07,113
2396,Boston Celtics,2019-04-07,108
2397,Orlando Magic,2019-04-07,116
2398,Cleveland Cavaliers,2019-04-07,90
2399,San Antonio Spurs,2019-04-07,112
2400,Houston Rockets,2019-04-07,149
2401,Phoenix Suns,2019-04-07,113
2402,Charlotte Hornets,2019-04-07,104
2403,Detroit Pistons,2019-04-07,91
2404,Denver Nuggets,2019-04-07,108
2405,Portland Trail Blazers,2019-04-07,115
2406,Indiana Pacers,2019-04-07,96
2407,Brooklyn Nets,2019-04-07,108
2408,Sacramento Kings,2019-04-07,129
2409,New Orleans Pelicans,2019-04-07,133
2410,Minnesota Timberwolves,2019-04-07,126
2411,Oklahoma City Thunder,2019-04-07,132
2412,Miami Heat,2019-04-07,109
2413,Toronto Raptors,2019-04-07,117
2414,Dallas Mavericks,2019-04-07,129
2415,Memphis Grizzlies,2019-04-07,127
2416,Portland Trail Blazers,2019-04-09,104
2417,Los Angeles Lakers,2019-04-09,101
2418,Chicago Bulls,2019-04-09,86
2419,New York Knicks,2019-04-09,96
2420,Cleveland Cavaliers,2019-04-09,97
2421,Charlotte Hornets,2019-04-09,124
2422,Philadelphia 76ers,2019-04-09,99
2423,Miami Heat,2019-04-09,122
2424,Detroit Pistons,2019-04-09,100
2425,Memphis Grizzlies,2019-04-09,93
2426,Phoenix Suns,2019-04-09,109
2427,Dallas Mavericks,2019-04-09,120
2428,Denver Nuggets,2019-04-09,108
2429,Utah Jazz,2019-04-09,118
2430,Minnesota Timberwolves,2019-04-09,100
2431,Toronto Raptors,2019-04-09,120
2432,Boston Celtics,2019-04-09,116
2433,Washington Wizards,2019-04-09,110
2434,Oklahoma City Thunder,2019-04-09,112
2435,Houston Rockets,2019-04-09,111
2436,New Orleans Pelicans,2019-04-09,103
2437,Golden State Warriors,2019-04-09,112
2438,Philadelphia 76ers,2019-04-10,125
2439,Chicago Bulls,2019-04-10,109
2440,San Antonio Spurs,2019-04-10,105
2441,Dallas Mavericks,2019-04-10,94
2442,Detroit Pistons,2019-04-10,115
2443,New York Knicks,2019-04-10,89
2444,Miami Heat,2019-04-10,94
2445,Brooklyn Nets,2019-04-10,113
2446,LA Clippers,2019-04-10,143
2447,Utah Jazz,2019-04-10,137
2448,Sacramento Kings,2019-04-10,131
2449,Portland Trail Blazers,2019-04-10,136
2450,Atlanta Hawks,2019-04-10,134
2451,Indiana Pacers,2019-04-10,135
2452,Milwaukee Bucks,2019-04-10,116
2453,Oklahoma City Thunder,2019-04-10,127
2454,Minnesota Timberwolves,2019-04-10,95
2455,Denver Nuggets,2019-04-10,99
2456,Orlando Magic,2019-04-10,122
2457,Charlotte Hornets,2019-04-10,114
2458,Golden State Warriors,2019-04-10,117
2459,Memphis Grizzlies,2019-04-10,132
